id,num_vertices,num_faces,volume,surface_area,average_edge_length,genus,max_ver_stress,max_hor_stress,max_dia_stress,max_tor_stress,category,num_tets,mass,download_file,link_name,author,author_id,test_split_0,test_split_1,test_split_2
0,42360,84764,307642.7036,73622.29837,1.347076541,12,658.5779,414.3286,319.0323,325.8028,block,570111,1.375162885,FINAL BRACKET AARON WEISSBART 8.9.2013 1930 pacific time.stp,ge-bracket-001-1,Aaron Weissbart,aaron.weissbart,FALSE,TRUE,FALSE
4,35622,71368,104015.5987,39149.66755,1.048514403,32,1057.485,908.3706,752.3348,432.3469,beam,431759,0.464949726,bracket.STEP,ripple-bracket-1,simon,simon-240,FALSE,FALSE,FALSE
6,35186,70532,114996.4398,58499.67538,1.30674029,41,4823.208,1666.009,4342.286,906.2914,block,314815,0.514034086,10813 new GE bracket.IGS,ge-bracket-26,Amartesh Sehgal,amartesh.sehgal-1,FALSE,FALSE,FALSE
8,24577,49174,89326.26857,30458.40876,1.130023137,6,1008.945,956.9317,469.8122,676.9794,beam,293971,0.399288421,bracket_15.igs,ge-engine-bracket-15-1,Mandli Peter,mandli.peter,FALSE,FALSE,FALSE
9,38322,76720,78486.32131,38243.142,0.989506647,20,1677.547,1919.958,1507.509,826.2255,beam,481030,0.350833856,EngineBracketModified_PTJ.igs,modified-engine-bracket-2,Penn,penn-1,FALSE,FALSE,FALSE
10,43107,86250,89919.88528,69797.80972,1.292692232,10,788.448,607.6455,510.9708,731.7008,block,401725,0.401941887,GE JET BRACKET V_5.STEP,ge-jet-bracket-v5-1,Arfi'an,arfi.an-1,FALSE,FALSE,TRUE
12,45862,91792,164079.8528,46607.65224,0.999294672,18,1851.074,1133.119,837.7428,441.3822,butterfly,625048,0.733436942,Form 3.STEP,form-3-1,Wei Jiang,wei.jiang-1,FALSE,TRUE,FALSE
14,39157,78710,211506.4407,61185.84616,1.286911589,100,1330.051,765.4058,621.1868,352.4014,butterfly,469738,0.94543379,MPS-01 - Aircraft Bracket - 5.STEP,mps-aircraft-bracket-1,MATTHEW SEAVERS,matthew.seavers-1,TRUE,FALSE,FALSE
15,20730,41484,129481.0876,48599.39154,1.604276214,7,837.8741,643.8823,406.5309,338.0365,beam,224221,0.578780462,SL_JHU.stp,ge-bracket-design-8,Sen Lin,sen.lin-1,FALSE,FALSE,FALSE
16,25703,51446,98714.93865,32239.87493,1.156888997,11,1761.383,1250.093,619.5664,593.4944,flat,303819,0.441255776,Form 4.STEP,form-4-1,Wei Jiang,wei.jiang-1,FALSE,TRUE,FALSE
19,37987,75994,93522.85031,42798.43328,1.046815407,6,1202.083,842.0427,818.2881,882.8882,flat,438547,0.418047141,GE Challenge Bracket - DART2.STEP,ge-bracket-dart-lab-state-university-of-new-york-at-buffalo-1,Azhar Vellore,azhar.vellore-1,FALSE,FALSE,FALSE
20,27529,55254,93875.50335,53155.74976,1.431776198,50,791.5018,660.8558,633.4947,476.9447,arch,267823,0.4196235,FinalDesign-UWMadison.STEP,uw-madison-optimized-design-1,Krishnan Suresh,krishnan.suresh-1,FALSE,FALSE,FALSE
21,15564,31148,72802.09744,27713.3885,1.382528489,6,1006.544,791.685,1066.08,645.7174,arch,176078,0.325425376,Paul_ROSARIO_GE_jet_engine_bracket.stp,paul_rosario_ge_jet_engine_bracket-1,Paul Rosario,paul.rosario-1,FALSE,FALSE,FALSE
22,40427,80886,173762.2323,84855.88714,1.516970196,9,680.1785,537.7938,315.2081,321.0497,block,346004,0.776717178,62v4_weight_reduction.stp,jet_engine_bracket_optimization_64-1,Yingcong Chou,yingcong.chou-1,TRUE,FALSE,FALSE
23,19039,38106,45453.15481,23265.68754,1.136483332,8,2709.147,2406.072,840.5061,1138.232,beam,207884,0.203175602,ultralight.IGS,ultralight-ge-engine-bracket-9-92-of-original-weight-1,Jack Schorsch,jack.schorsch,FALSE,FALSE,FALSE
25,32413,64850,79950.48894,27381.77746,0.921112829,7,2468.175,1786.254,843.7404,530.7501,beam,477057,0.357378686,Form 1.STEP,form-1-1,Wei Jiang,wei.jiang-1,FALSE,FALSE,FALSE
27,23986,47992,213306.1128,43655.65008,1.377140793,6,850.4824,387.2315,685.4629,457.7581,flat,317477,0.953478324,Jet Bracket .stp,ge-challenge-3,Gustavo Vieira,gustavo.vieira-14,FALSE,FALSE,FALSE
28,23668,47372,204116.9974,52654.57047,1.539312805,10,1272.023,810.3981,530.9316,518.1812,flat,296626,0.912402978,engine bracket.IGS,engine-bracket-10,aditya,aditya-9,FALSE,TRUE,FALSE
29,92602,185240,97972.9138,62090.05108,0.83500676,10,1891.641,1295.897,821.8462,599.2084,butterfly,1152206,0.437938925,SURF-II_X1.STEP,surf-ii-bracket-1,Lumas,lumas-1,FALSE,FALSE,FALSE
30,10647,21314,68878.16461,26983.61655,1.678151389,6,1303.199,1017.983,726.2039,1336.627,arch,100965,0.307885396,Super Kraken.igs,super-kraken-1,Tim Titus,tim.titus-2,FALSE,FALSE,TRUE
33,91955,184270,59820.13804,71544.05187,0.899383819,91,1346.228,1367.509,1054.877,682.7851,flat,750487,0.267396017,GE_Grand15.stp,ge-bracket-grand-15-1,Jerry Grandov,jerry.grandov,FALSE,TRUE,FALSE
34,55026,110116,54720.79919,49996.30284,0.971158455,17,1194.335,1231.333,844.6988,780.0781,beam,490613,0.244601972,GE_Grand16.stp,ge-bracket-grand-16-1,Jerry Grandov,jerry.grandov,FALSE,FALSE,TRUE
35,36822,73712,46488.22267,46683.85169,1.175226873,18,1602.432,1529.422,988.0487,662.9236,butterfly,289286,0.207802355,GE_Grand17.stp,ge-bracket-grand-17-1,Jerry Grandov,jerry.grandov,TRUE,FALSE,FALSE
38,23502,47028,172230.4208,36796.78004,1.28171017,7,744.9553,497.4877,753.883,415.1404,arch,286072,0.769869981,Bracket_v55f.STEP,ge_bracket_strong-1,Hector Ulises Levatti,hector.ulises.levatti-1,FALSE,TRUE,FALSE
39,19042,38104,239921.6868,41414.21526,1.564980841,6,687.1707,553.4059,343.5669,305.9454,flat,234831,1.07244994,New_CAD_GE_bracket.stp,ge-jet-engine-bracket-challenge-25,ibrahim,ibrahim-89,TRUE,FALSE,FALSE
40,12808,25648,95869.64045,33300.92224,1.699505735,9,1448.087,1060.028,638.6975,786.539,butterfly,136271,0.428537293,next generation bracket.STEP,same-same-but-different-1,Piotr Mikulski,piotr.mikulski,FALSE,FALSE,TRUE
50,19950,39920,78769.99688,31155.86162,1.268897996,6,1188.339,1038.505,578.351,1256.035,butterfly,221839,0.352101886,JLB_V7.stp,the-wingspan-ge-bracket-contest-1,Josef Bohm,josef.bohm-1,FALSE,FALSE,FALSE
51,28697,57494,224368.4945,58181.64509,1.468731016,26,1408.615,751.8851,682.9803,387.5391,flat,340975,1.00292717,jetbracket.stp,jet-bracket-competition-1,abhivardhan,abhivardhan-1,FALSE,FALSE,TRUE
53,37407,75142,110915.2315,55682.08417,1.237144262,83,2512.976,4326.222,2636.069,1036.837,flat,414851,0.495791085,grabcad.igs,ge-jet-engine-bracket-challenge-22,kandarp,kandarp-1,FALSE,FALSE,FALSE
55,20854,41740,89623.60196,35868.87233,1.327350028,9,2161.954,1658.983,1011.331,623.5731,beam,242282,0.400617501,GEoptv13.stp,ge-bracket-design-entry-1,Sikker Rosendal,sikker.rosendal,TRUE,FALSE,FALSE
56,18474,36968,284927.5613,50810.38775,1.764192171,6,778.228,507.0108,370.0817,295.9936,flat,219410,1.273626199,GE jet engine bracket.STEP,ge-jet-engine-bracket-va0-1,Stefan Stoica,stefan.stoica-2,FALSE,FALSE,FALSE
58,19734,39488,306833.9377,53982.41837,1.759959859,6,682.9165,405.2676,336.4866,319.2635,flat,243475,1.371547702,GE jet engine bracket Vb0.STEP,ge-jet-engine-bracket-vb0-1,Stefan Stoica,stefan.stoica-2,FALSE,TRUE,FALSE
59,17663,35346,93356.65953,33178.90348,1.422120843,6,1641.794,1241.843,787.7128,562.486,butterfly,179707,0.417304268,Optimized Bracket JEGG.stp,optimized-bracket-1,Juan Esteban,juan.esteban-4,FALSE,FALSE,TRUE
61,17098,34216,324206.9054,48881.98941,1.796972915,6,1006.75,408.8269,676.8886,389.1822,flat,201352,1.449204867,prop_ma_00.STEP,ge-jet-engine-bracket-contri-1,blekiwajt,blekiwajt-1,TRUE,FALSE,FALSE
62,13301,26622,106473.1592,34067.5097,1.7001482,6,1000.181,687.8608,415.6976,430.7633,arch,135618,0.475935022,bracketGE-ORIGINAL.igs,78-4th-ge-jet-engine-bracket-challenge-1,m.h.m,m.h.m-1,FALSE,FALSE,FALSE
63,29736,59500,123696.6051,67779.71073,1.601223674,8,665.0992,481.0448,445.1033,452.5424,block,237990,0.552923825,GE JET BRACKET V_2.0.STEP,ge-jet-engine-bracket-v-2-0-1,Arfi'an,arfi.an-1,FALSE,FALSE,TRUE
64,23840,47700,249369.4954,41713.51791,1.305079041,6,699.0228,509.162,432.1361,574.2831,flat,327626,1.114681644,PROTOTYPE002.SLDPRT,ge-engine-bracket-prototype-1,Ian Cummings,ian.cummings-2,TRUE,FALSE,FALSE
65,16857,33754,134527.2046,40327.55728,1.656563011,11,1383.473,534.8087,924.5239,308.433,block,177903,0.601336605,Part1.stp,light-and-robust-1,necmiyildiz,necmiyildiz-1,FALSE,TRUE,FALSE
66,38613,77270,105326.7553,45436.94414,1.094270434,12,1161.774,862.8164,814.8082,610.1272,arch,465341,0.470810596,ge_0808.stp,ge-jet-bracket-2,D SONG,d.song-1,FALSE,FALSE,FALSE
69,13204,26436,168521.7644,43835.24855,1.96058487,8,1167.994,635.1621,678.2489,465.7251,other,128694,0.753292287,bracket.stp,my-first-ge-jet-engine-bracket-1,Pavol Kiraly,pavol.kiraly-1,FALSE,FALSE,TRUE
70,14078,28180,108878.279,35275.0325,1.656870088,7,1435.222,1126.926,628.9907,411.0273,beam,132859,0.486685907,bracketGE_1_1a.igs,first-ge-jet-engine-bracket-challenge_2-1,m.h.m,m.h.m-1,FALSE,TRUE,FALSE
71,17801,35634,134341.6479,43683.18845,1.648408909,9,2864.464,2307.41,1253.246,414.8506,other,199412,0.600507166,Part1.IGS,simple3-1,mohammad1993,mohammad1993-1,FALSE,FALSE,FALSE
72,16941,33910,141278.8357,47454.26501,1.778571493,8,1223.792,1189.625,1086.385,434.4343,flat,164020,0.631516395,bracket.STEP,ge-jet-engine-bracket-2-0-1,Dino Salkanovic,dino.salkanovic,FALSE,TRUE,FALSE
73,52667,105478,122129.5491,45263.08742,0.947768404,37,1746.851,837.8126,1629.518,805.8174,butterfly,663966,0.545919085,ge bracket version 5.0.STEP,ge-bracket-version-5-1-1,simon,simon-240,TRUE,FALSE,FALSE
76,26345,52894,109214.4872,53956.71596,1.469999507,52,728.9378,642.4574,622.3306,460.4828,block,256650,0.488188758,FinalDesign-UWMadison.STEP,uw-madison-topology-optimization-result-1,Krishnan Suresh,krishnan.suresh-1,TRUE,FALSE,FALSE
77,21939,43906,139009.4328,49808.27616,1.570225865,8,722.8359,762.1683,522.3374,309.1831,block,258370,0.621372164,Bracket 3.IGS,bracket-design-1,Andrew Smolkov,andrew.smolkov-1,FALSE,FALSE,FALSE
78,46102,92224,179291.714,48209.50305,1.006516117,6,1343.678,933.9296,598.8268,514.6563,flat,619369,0.801433962,GE Bracket V2.stp,ge-bracket-challenge-2,Ririwin,ririwin-1,FALSE,FALSE,FALSE
79,39610,79240,172574.7425,102807.8558,1.720306259,6,787.9434,375.2846,760.9284,307.2901,block,284980,0.771409099,Bracket_Modified_FVZ.prt,ge-jet-engine-bracket-for-dmls-1,Fritz VZ,fritz.vz-1,FALSE,FALSE,FALSE
80,34049,68134,93297.62318,32859.04518,0.979089662,10,2047.418,1347.981,943.3354,789.9477,butterfly,417734,0.417040376,400a.stp,number400-1,Martin Dirker,martin.dirker,FALSE,FALSE,TRUE
81,33268,66572,93384.23587,32950.94822,0.985772289,10,1780.479,1205.093,916.0231,798.5527,butterfly,416004,0.417427534,400.stp,number400-1,Martin Dirker,martin.dirker,FALSE,FALSE,FALSE
82,97341,194834,109538.7194,65616.30048,0.838880752,39,2711.418,1748.93,1184.888,390.821,beam,1211060,0.489638076,GE-BRACKET-10-AJC.stp,ge-bracket-10-ajc-1,Andrew Coyne,andrew.coyne-1,FALSE,FALSE,FALSE
86,64534,129388,312680.3127,120743.8033,1.465331322,81,483.8012,269.0778,245.3218,325.2237,block,642162,1.397680998,concept1.igs,ge-jet-engine-bracket-34,riyosketch,riyosketch-1,FALSE,FALSE,TRUE
87,31281,62586,239658.153,66740.7768,1.530440223,7,879.9901,479.5972,471.3498,281.5208,flat,395743,1.071271944,GE jet engine bracket.SLDPRT,engine-bracket-for-ge-2,Leonardo Alves,leonardo.alves-1,FALSE,TRUE,FALSE
91,26248,52516,134717.9846,39195.81475,1.219866457,6,655.2886,514.4991,419.2048,405.1993,beam,368440,0.602189391,GE JEB 0000_15_5.STEP,elemental-design-1,EDISON PHOENIX,edison.phoenix,FALSE,FALSE,FALSE
92,17124,34268,374336.5558,52551.7543,1.861767915,6,513.6497,324.0308,300.0116,303.0572,flat,215973,1.673284404,bracket1.stp,engine-jet-bracket-1,praveen kumar,praveen.kumar-22,TRUE,FALSE,FALSE
94,30847,61714,94034.82451,29985.50051,0.951571188,6,2087.721,1872.396,864.632,468.9343,butterfly,374068,0.420335666,012.stp,ge-jet-engine-bracket-32,jaxon,jaxon-1,TRUE,FALSE,FALSE
95,41960,83984,134182.3819,42875.12563,1.015504592,17,743.5557,657.0261,672.7443,613.8535,beam,575194,0.599795247,GE jet engine bracket Proto 1.STEP,ge-jet-engine-bracket-proto-1-1,Eduardo Romo,eduardo.romo-1,FALSE,FALSE,FALSE
96,28250,56524,167682.1054,47998.30421,1.333990611,7,1394.086,1112.831,569.2162,410.7895,flat,356485,0.749539011,engine bracket version1.IGS,ge-jet-engine-bracket-33,bakini,bakini-2,FALSE,TRUE,FALSE
97,61246,122608,168726.0409,56654.29787,0.955819097,30,741.4283,853.3026,382.6891,467.9254,beam,808470,0.754205403,BRACKET#5#6#new.SLDPRT,elemental-design-2-1,Siddarth,siddarth,FALSE,FALSE,TRUE
98,63028,126172,169782.4207,57270.38363,0.949155347,30,722.8921,866.4918,396.6914,442.4305,beam,835000,0.75892742,BRACKET#5#6#29.SLDPRT,elemental-design-2-1,Siddarth,siddarth,TRUE,FALSE,FALSE
101,28483,56994,145593.2886,71414.61766,1.671103167,8,717.2394,600.2522,527.1879,358.3351,flat,288833,0.650802,generalelectric.stp,general-electric-jet-engine-bracket-1,Chris Dabek,chris.dabek,FALSE,FALSE,TRUE
102,54488,109792,108852.3335,61581.60787,1.070720805,205,1474.907,1865.747,724.1509,491.5602,flat,489373,0.486569931,ge brkt 5.STEP,ge-brkt-5-1,Brooks,brooks,FALSE,FALSE,FALSE
106,50866,101752,234930.7751,63497.10349,1.082182857,6,996.3485,554.5587,680.5646,474.3581,flat,868383,1.050140565,Bracket.stp,ge-bracket-6,Maierean Mircea,maierean.mircea-1,FALSE,FALSE,FALSE
107,18741,37502,285643.6944,47850.57115,1.690360548,6,592.324,349.2282,297.4729,316.9294,block,231319,1.276827314,jta-2.STEP,jta-2-bracket-1,julius,julius--2,FALSE,FALSE,TRUE
108,72149,144334,106016.5744,63828.99583,0.937140348,10,967.6602,620.5573,574.8652,454.401,butterfly,830260,0.473894088,Ride-II_X1.STEP,ride-ii-bracket-1,Lumas,lumas-1,TRUE,FALSE,FALSE
112,39536,79120,130219.2315,49577.3646,1.124633958,13,1267.235,1666.519,930.1992,396.929,block,498272,0.582079965,STAFFIVO-1.stp,get-brk-ivo-1-1,Ivo Alberti,ivo.alberti-3,FALSE,FALSE,TRUE
113,20830,41684,243903.1766,55831.89057,1.738332405,7,748.3798,482.8434,351.7932,304.8788,block,231495,1.0902472,52%  Adrian 1.stp,adrian-patterson-ge-entry-1,Adrian Patterson,adrian.patterson-1,TRUE,FALSE,FALSE
114,29063,58146,158666.433,47162.77772,1.304058292,6,1707.858,1101.314,733.7027,275.212,butterfly,363638,0.709238955,generalelectric_futuretechie.igs,generalelectric_futuretechie-1,Praveen Kumar,praveen.kumar,FALSE,TRUE,FALSE
115,15608,31236,177391.2336,41756.9017,1.729735818,6,965.1507,250.8073,950.2092,756.3696,flat,157926,0.792938814,original_stp.stp,jet-engine-bracket-9,Sivaraman,sivaraman,FALSE,FALSE,FALSE
116,17892,35824,177142.8243,46207.84565,1.678651935,11,1184.622,770.3575,488.3409,315.6531,flat,194912,0.791828425,model1.IGS,ge-jet-engine-bracket-28,grad,grad-1,FALSE,TRUE,FALSE
119,25545,51122,234602.141,67086.6533,1.716506648,9,803.2215,486.8904,437.6518,316.8724,block,290797,1.04867157,jet engine bracket.STEP,jet-engine-bracket-10,Mike Madsen,mike.madsen-1,TRUE,FALSE,FALSE
120,51383,102818,150628.9356,70460.02478,1.178554505,14,535.561,475.1161,530.1401,345.7274,arch,582373,0.673311342,GE JET BRACKET V_1.STEP,optimized-ge-jet-engine-bracket-design-v1-1,Arfi'an,arfi.an-1,TRUE,FALSE,FALSE
121,16193,32422,133303.2809,42478.08645,1.714124193,10,2194.478,1630.233,942.93,399.9958,beam,159462,0.595865666,model 2.igs,jet-engine-bracket-11,grad,grad-1,FALSE,FALSE,TRUE
122,42754,85528,135409.4071,38721.57634,0.938457179,6,921.2919,560.2567,453.8155,538.5402,arch,607588,0.60528005,GE jet engine bracket 6.STEP,ge-jet-engine-bracket-6-1,Voibor,voibor-1,TRUE,FALSE,FALSE
123,89267,178778,118886.2447,52468.76831,0.790712532,62,2046.373,1843.337,1166.299,553.4429,beam,1048878,0.531421514,Ge jet ingine bracket 0.537kg Bolat Mangibaev.stp,ge-jet-ingine-bracket-0-537kg-bolat-mangibaev-1,BOLAT MANGIBAEV,bolat.mangibaev-1,FALSE,TRUE,FALSE
124,47439,94906,96156.31253,74109.49208,1.253071772,8,1768.212,844.7499,1849.568,422.9363,block,419466,0.429818717,original after tuning 0.435kg.stp,original-bracket-after-tuning-0-435kg-1,BOLAT MANGIBAEV,bolat.mangibaev-1,FALSE,FALSE,FALSE
125,31037,62094,108175.3165,33859.03273,1.049084724,6,1450.117,940.7301,679.9722,612.9954,arch,431861,0.483543665,GE BRACKET-4.stp,ge-bracket-design-3,Girish.K.S,girish.k.s-1,FALSE,FALSE,FALSE
127,34901,69822,223620.7602,78212.13763,1.574412277,6,745.157,403.4543,369.034,323.0413,block,380468,0.999584798,v04_b.IGS,ge-jet-engine-bracket-challenge-12,Daniel Jaeger,daniel.jaeger,FALSE,TRUE,FALSE
129,19285,38602,144482.0097,47380.22413,1.638199009,9,1339.559,930.771,525.4788,329.0746,beam,211629,0.645834583,a279837B8p1l-Weight Reduction-rev01.SLDPRT,fog-bracket-1,Bol,bol,FALSE,TRUE,FALSE
130,11736,23492,60391.48982,22396.69109,1.396597735,6,4160.662,7758.195,5605.269,2773.757,beam,137020,0.269949959,MountV1.stp,mountv1-1,Alex Edson,alex.edson-1,FALSE,FALSE,FALSE
131,28940,57936,178798.2193,55817.92305,1.435101096,15,999.578,485.9839,558.0804,383.9031,block,348271,0.79922804,GE Bracket mod2 v9 GL.STEP,ge-jet-engine-bracket-22,Gavin Lee,gavin.lee-1,FALSE,TRUE,FALSE
133,41618,83216,137167.765,98679.4196,1.633603745,-4,964.197,639.194,598.2369,299.7714,block,344755,0.61313991,BRACKET V4.STEP,jet-engine-bracket-v4-1,Rodolfo Solorio,rodolfo.solorio-1,FALSE,FALSE,FALSE
134,55352,110736,141589.0536,46733.74738,0.918994704,9,1084.44,613.3947,522.5632,360.3917,flat,716255,0.63290307,GE-JET ENGINE BRACKET-RIC04.stp,ge-jet-engine-bracket-03-1,Richard,richard--78,FALSE,FALSE,FALSE
135,54887,109806,141578.539,46729.9933,0.925078587,9,1077.129,650.8244,538.0834,363.4545,flat,712802,0.632856069,GE-JET ENGINE BRACKET-RIC05.igs,ge-jet-engine-bracket-03-1,Richard,richard--78,FALSE,FALSE,TRUE
136,77028,154156,97114.31205,50727.51919,0.826617016,26,4807.684,2633.799,2354.14,738.0855,block,906038,0.434100975,Redesigned GE engine bracket XV-01c.STEP,ge-jet-engine-bracket-xv-01-1,Tan Wei Kok,tan.wei.kok-1,FALSE,FALSE,FALSE
138,33327,66686,159953.9947,55326.07423,1.305897371,9,1200.408,820.9127,577.8711,301.4489,beam,382730,0.714994356,GE jet engine bracket.sldprt,ge-jet-engine-bracket-v1-1,Andrew Smolkov,andrew.smolkov-1,FALSE,FALSE,FALSE
139,33797,67626,159943.9635,55327.69239,1.297423099,9,1818.773,887.9479,1659.296,671.25,beam,388639,0.714949517,bracket.IGS,ge-jet-engine-bracket-v1-1,Andrew Smolkov,andrew.smolkov-1,FALSE,FALSE,FALSE
140,32215,64462,278930.6504,63239.47407,1.464751035,9,754.3972,405.5645,435.5521,318.6643,block,388472,1.246820007,generalelectric Bracket SAS3.stp,ge-jet-engine-bracket-15,Sterry Shaffer,sterry.shaffer-1,FALSE,FALSE,FALSE
141,26479,53038,86267.87151,43117.99375,1.271547832,21,14901.76,11659.06,8667.862,1629.359,block,251932,0.385617386,bk2.SLDPRT,ge-jet-engine-bracket-17,Shannon,shannon,FALSE,FALSE,FALSE
142,196447,392966,193282.4728,131750.7179,0.830861276,19,784.1266,479.8749,444.3174,336.704,block,2051296,0.863972653,wspornik Ver7.stp,bracket-ge-ver7-1,Tomek F.,tomek.f,FALSE,FALSE,FALSE
146,43104,86244,217159.0089,53681.34161,1.097029607,10,715.1441,384.6516,379.8679,321.8281,arch,560470,0.97070077,Nosac.stp,jet-engine-bracket-5,Armin,armin-16,FALSE,TRUE,FALSE
147,28011,56102,122181.6569,43392.19261,1.309427184,21,1687.191,1291.375,921.4349,398.2295,flat,329782,0.546152006,BRACKET V1.STEP,optimization-jet-engine-bracket-v1-1,Rodolfo Solorio,rodolfo.solorio-1,TRUE,FALSE,FALSE
148,50994,102032,130190.5852,44242.25679,0.945181049,12,1719.315,1225.197,792.3448,364.2109,butterfly,640197,0.581951916,#4 Assy.stp,ge-engine-brkt-2,Rad Siderius,rad.siderius-1,TRUE,FALSE,FALSE
149,29503,59034,167159.1759,61368.03653,1.504203285,8,1057.441,948.7131,494.3711,325.6289,flat,311884,0.747201516,Bracket ge-ver5.stp,bracket-ge-ver5-1,Tomek F.,tomek.f,FALSE,TRUE,FALSE
150,54692,109404,116452.951,93746.74922,1.361468167,6,1392.706,546.2379,1544.471,488.7631,block,407103,0.520544691,1.5.stp,engine-bracket-2,rene j├╝rnaste,rene.jurnaste,FALSE,FALSE,TRUE
152,25365,50750,184638.8092,65503.18792,1.709594571,6,936.2598,690.1505,323.2787,297.9223,flat,253821,0.825335477,Bracket ge-ver3.stp,bracket-ge-ver3-1,Tomek F.,tomek.f,FALSE,TRUE,FALSE
153,29826,59692,122280.5099,41333.39911,1.19614188,11,2706.574,561.2271,2122.048,608.9232,beam,352346,0.546593879,Jet-Engine-bracket-v1.1.STEP,ge-jet-engine-bracket-v1-1-1,Igor Lins e Silva,igor.lins.e.silva,FALSE,FALSE,FALSE
163,37960,75940,275068.2684,87775.11674,1.6119838,6,875.9973,464.6818,441.574,313.0096,block,411180,1.22955516,Bracket.stp,ge-jet-engine-bracket-challenge-1,Martin Charette,martin.charette-1,TRUE,FALSE,FALSE
164,45142,90304,239976.9731,74410.68938,1.306057192,6,573.6404,407.4677,537.0444,314.4985,block,521418,1.07269707,GE Engine Brkt #1.stp,ge-engine-brkt-1,Rad Siderius,rad.siderius-1,FALSE,FALSE,FALSE
165,19496,39012,300934.2394,55933.02525,1.817600189,6,489.1932,235.4672,284.6144,284.5798,block,216751,1.34517605,engine-bracket.stp,ge-engine-bracket-1,Andy Brookman,andy.brookman-1,FALSE,TRUE,FALSE
166,35042,70104,192281.3899,50358.36639,1.214722119,6,1316.768,993.487,519.6666,402.7876,flat,419923,0.859497813,GE Engine Brkt #2.stp,ge-engine-brkt-2-1,Rad Siderius,rad.siderius-1,TRUE,FALSE,FALSE
167,33002,66024,236757.6678,83296.87062,1.647963432,6,1054.528,620.9818,838.7067,213.9356,block,368324,1.058306775,Redesign.STEP,ge-engine-mounting-bracket-1,Kevin Koch,kevin.koch-1,FALSE,TRUE,FALSE
169,25268,50556,224632.0625,67592.27631,1.738727547,6,870.0658,386.7826,499.797,290.6309,flat,270631,1.004105319,GE jet engine bracket challenge New Design.IGS,ge-jet-engine-bracket-challenge-2,Yohanes Harlieyanta,yohanes.harlieyanta-1,FALSE,FALSE,TRUE
170,25684,51428,227749.2692,64449.25599,1.693523008,16,550.5774,397.7744,554.0051,297.3457,block,275158,1.018039233,bracket.stp,bracket-4,Wellington,wellington-24,FALSE,FALSE,FALSE
171,48257,96534,188337.4532,74773.77677,1.243709963,6,908.6758,465.2333,503.2036,330.488,flat,680681,0.841868416,GE jet engine bracket.stp,ge-jet-engine-bracket-challenge-3,Thierry,thierry-19,TRUE,FALSE,FALSE
173,36282,72584,267388.8686,48861.06352,1.186027938,6,869.1556,474.8549,453.2543,390.9889,flat,520566,1.195228243,GEbracket.STEP,ge-jet-engine-bracket-challenge-4,Tom Martin,tom.martin,FALSE,FALSE,FALSE
174,15510,31040,180348.1239,47130.59742,1.863915799,6,1351.068,914.4973,561.5483,430.7037,flat,154504,0.806156114,bracket-2.stp,bracket-2-option-1,Wellington,wellington-24,FALSE,FALSE,TRUE
175,35940,71940,218265.3686,69348.949,1.418817145,16,5568.606,15868.92,15278.93,14156.68,flat,393532,0.975646197,Engine Mount.stp,engine-bracket-1,Bob Laws,bob.laws-1,FALSE,FALSE,FALSE
177,24021,48062,220926.7479,56721.2932,1.600680014,6,791.1677,393.4148,452.1701,294.4036,block,305330,0.987542563,bracket Ver1.stp,bracket-ge-ver1-1,Tomek F.,tomek.f,TRUE,FALSE,FALSE
180,31030,62080,325897.9783,73022.27685,1.598612177,6,300.9873,235.365,205.0631,288.7418,block,428120,1.456763963,bracket Ver1-assembling.stp,bracket-ge-ver1-1,Tomek F.,tomek.f,FALSE,TRUE,FALSE
181,32668,65384,158969.3155,75308.68333,1.583317154,13,1066.413,856.323,764.1282,603.136,block,316942,0.71059284,original.SLDPRT,ge-jet-engine-bracket-1,ahmed Elbahgy,ahmed.elbahgy-1,TRUE,FALSE,FALSE
182,34501,69054,235547.7923,58651.64863,1.358091982,14,727.3591,371.9882,606.8932,394.6154,block,442182,1.052898631,ZhichaoLi-GE-June142013.STEP,ge-engine-bracket-design-competition-1,ZHICHAO LI,zhichao.li-1,TRUE,FALSE,FALSE
183,31257,62566,235573.196,58663.62131,1.443250265,14,754.1191,375.8924,628.7989,329.3337,block,388794,1.053012186,ZLI-GE2-IGES-061413.IGS,ge-engine-bracket-design-competition-1,ZHICHAO LI,zhichao.li-1,FALSE,FALSE,TRUE
185,59297,118614,257073.4706,77388.30036,1.160800851,6,763.9496,457.7523,404.9621,319.9218,block,710557,1.149118414,wspornik Ver1-2-R.stp,bracket-ge-ver1-2-1,Tomek F.,tomek.f,FALSE,FALSE,FALSE
186,31396,62812,260240.5394,79983.98009,1.704525353,6,542.4459,326.6117,285.9823,298.5469,block,326129,1.163275211,wspornik Ver1-2.stp,bracket-ge-ver1-2-1,Tomek F.,tomek.f,FALSE,FALSE,FALSE
187,24510,49040,142786.2981,44218.43721,1.389217727,6,926.8854,620.9867,354.1698,401.0976,butterfly,284448,0.638254752,JetEngineBracket.stp,jet-engine-bracket-1,Ben Smeaton,ben.smeaton-2,FALSE,TRUE,FALSE
191,31197,62414,229913.2754,79668.38643,1.697478919,6,676.5475,354.1874,343.3332,300.0953,flat,319756,1.027712341,wspornik Ver2.stp,bracket-ge-ver2-1,Tomek F.,tomek.f,FALSE,FALSE,FALSE
192,31209,62438,229913.1254,79668.39464,1.697072887,6,653.3007,338.7957,345.8203,293.4788,flat,328136,1.02771167,wspornik Ver21.stp,bracket-ge-ver2-1,Tomek F.,tomek.f,FALSE,FALSE,FALSE
193,56473,112966,220139.5272,74793.52615,1.163259549,6,900.5555,461.4724,481.5541,323.3352,flat,652917,0.984023687,wspornik Ver2-R.stp,bracket-ge-ver2-1,Tomek F.,tomek.f,FALSE,TRUE,FALSE
194,29906,59880,128137.5264,64356.16535,1.51654986,18,1080.121,852.028,991.4813,1109.796,flat,297211,0.572774743,original.STEP,ge-jet-engine-bracket-5,ahmed Elbahgy,ahmed.elbahgy-1,FALSE,FALSE,FALSE
195,45561,91142,299835.7249,59580.01553,1.123842416,6,607.9614,367.1606,324.0694,307.5093,flat,627002,1.34026569,Dio_step.stp,jet-engine-bracket-2,Armin,armin-16,FALSE,FALSE,FALSE
196,26459,52938,159858.0429,45019.88722,1.309977279,6,627.5033,438.8391,493.1016,321.8527,arch,324382,0.714565452,bracket.stp,ge-jet-engine-bracket-6,jaxon,jaxon-1,FALSE,FALSE,FALSE
197,45654,91328,337167.097,63088.93327,1.158801821,6,620.0383,385.566,391.8651,470.2202,flat,653105,1.507136923,GE jet engine bracket v.3m.step,ge-jet-engine-bracket-v-3-1,Arek Kulesza,arek.kulesza-1,TRUE,FALSE,FALSE
198,19336,38692,176666.0764,50651.51337,1.725549433,6,653.9168,408.8754,303.0647,339.7081,flat,209990,0.789697361,carrying_bracket_reduced.igs,carrying-bracket-reduced-1,Davor Grani─ç,davor.granic-1,FALSE,FALSE,TRUE
199,51796,103612,209506.149,53973.012,1.010287117,6,602.3333,338.5406,325.9647,320.2633,flat,700683,0.936492486,Dio_DRUGI SLUCAJ_poboljsano_13_36.stp,jet-engine-bracket_third-solution-1,Armin,armin-16,FALSE,FALSE,TRUE
200,20218,40456,211965.8206,54233.31581,1.729196309,6,961.0109,666.2438,419.7036,667.8015,flat,233956,0.947487218,Bracket.stp,bracket_01-1,Giacomo Calzoni,giacomo.calzoni-1,FALSE,TRUE,FALSE
202,15967,32006,93069.53112,36183.56162,1.567042648,19,778.2502,733.0999,563.3912,496.5028,arch,171243,0.416020804,original.STEP,jet-engine-bracket-3,├ürmin Fendrik,armin.fendrik-1,FALSE,FALSE,FALSE
204,44232,88492,67822.45798,63033.23724,1.167005721,8,5175.85,1973.781,3218.477,863.6809,flat,384096,0.303166387,GE jet engine bracket v.4m.step,ge-jet-engine-bracket-v-4-1,Arek Kulesza,arek.kulesza-1,FALSE,FALSE,TRUE
205,20011,40050,193064.4169,56498.99186,1.781978639,8,713.2783,985.8569,517.3823,369.285,flat,218847,0.862997944,GE Bracket minimal v2.STEP,ge-jet-enginer-bracket-submission-1,Gavin Lee,gavin.lee-1,FALSE,FALSE,FALSE
206,21701,43422,204011.3239,54180.32657,1.66999635,6,942.7166,593.9979,424.1847,238.2739,flat,237198,0.911930618,GE Bracket mod v9.STEP,ge-jet-engine-bracket-11,Gavin Lee,gavin.lee-1,FALSE,TRUE,FALSE
207,38777,77582,151127.0395,54671.86513,1.191302606,8,1154.359,514.7628,1064.368,582.1482,butterfly,460262,0.675537867,ge brkt1.STEP,ge-brkt-1,Brooks,brooks,FALSE,FALSE,FALSE
208,44354,88728,209996.0081,53949.80485,1.082565363,6,718.4734,417.5597,340.6512,527.4767,flat,556579,0.938682156,prototype.STEP,ge-jet-engine-bracket-try-1-1,Mauricio Karsten,mauricio.karsten,TRUE,FALSE,FALSE
209,32659,65338,314065.8571,68356.73107,1.529402962,6,575.9565,291.6516,312.0699,302.1965,block,405046,1.403874381,generalelectric Bracket SAS2.stp,ge-jet-engine-bracket-challenge-5,Sterry Shaffer,sterry.shaffer-1,TRUE,FALSE,FALSE
211,35123,70274,322314.1428,70288.59909,1.483770504,8,532.1953,287.3932,265.2679,317.061,block,458237,1.440744218,GE Engine Bracket.stp,ge-engine-bracket-ver-1-1,Michael Waugh,michael.waugh,FALSE,TRUE,FALSE
213,31156,62332,166104.3153,64287.12336,1.516895158,6,1038.027,464.697,646.6346,314.7336,flat,315422,0.74248629,Bracket ge-ver4.stp,bracket-ge-ver4-1,Tomek F.,tomek.f,FALSE,TRUE,FALSE
214,23238,46496,366828.355,54663.40435,1.594868094,6,620.0698,328.001,310.668,323.8152,block,297466,1.639722747,bracket 1.SLDPRT,ge-bracket-1,Jim,jim--81,FALSE,FALSE,FALSE
217,55765,111606,209578.6591,61448.98248,1.036355435,20,834.5911,382.5646,552.6929,299.4579,block,721187,0.936816606,itr1.SLDPRT,modified-engine-bracket-1,Yadwinder Paul Singh,yadwinder.paul.singh,FALSE,FALSE,FALSE
220,79289,158962,132493.0123,83990.81689,1.030758188,97,4239.771,3585.739,2041.968,795.4005,block,759965,0.592243765,GE Engine Bracket-V.3.SLDPRT,ge-engine-bracket-vesion-3-1,Alex Scarborough,alex.scarborough-1,FALSE,FALSE,TRUE
221,28912,57896,156612.6116,46436.63928,1.263639873,19,1526.42,1173.649,1152.415,480.7624,other,383431,0.700058374,ge brkt2.STEP,ge-brkt-2-1,Brooks,brooks,FALSE,TRUE,FALSE
223,21768,43564,177375.9435,46853.87357,1.495961433,8,1743.223,2069.862,986.6133,491.4639,flat,271093,0.792870467,GE jet engine bracket v.44441.prt.step,ge-jet-engine-bracket-v-44441-1,Arek Kulesza,arek.kulesza-1,FALSE,FALSE,FALSE
225,18190,36400,277422.2666,49236.34995,1.752030011,6,1008.098,680.8104,576.8,313.9875,flat,215219,1.240077532,improved.stp,improved-ge-bracket-1,Michael Jenkins,michael.jenkins-1,TRUE,FALSE,FALSE
228,13179,26378,165645.2248,42214.82473,1.920833348,6,781.8556,494.095,605.0585,225.681,arch,130734,0.740434155,Product1.stp,ge-jet-engine-bracket-sheetmetal-experiment-1,jaxon,jaxon-1,FALSE,FALSE,TRUE
229,21455,42930,167859.985,52695.07951,1.658436436,6,1532.295,1155.132,718.9396,324.0246,flat,233119,0.750334133,GE BRACKET-1.stp,general-electric-bracket-design-challenge-1,Girish.K.S,girish.k.s-1,FALSE,FALSE,FALSE
230,45524,91104,147272.5438,108430.1639,1.628270867,15,1404.179,1294.306,1508.799,1056.746,block,362095,0.658308271,engine brkt.SLDPRT,ge-jet-engine-brkt-1,Shannon,shannon,FALSE,FALSE,FALSE
233,45816,91308,356115.3417,123904.2342,1.751430209,-80,461.7606,272.1417,231.6071,306.0098,block,527137,1.591835577,Engine Bracket.STEP,ge-jet-engine-bracket-14,Farandy Angesti Liong,farandy.angesti.liong,FALSE,TRUE,FALSE
234,42856,85804,139607.1218,51017.9894,1.085267798,24,2352.699,1151.872,1483.536,403.6947,beam,577001,0.624043834,The Frog.SLDPRT,the-frog-ge-bracket-1,Yadwinder Paul Singh,yadwinder.paul.singh,FALSE,FALSE,FALSE
235,53439,106906,142061.5353,44046.15255,0.911184404,8,1334.408,760.0717,706.9091,638.5589,flat,749645,0.635015063,op1.stp,op-1-ears-1,Manolo Valenzuela,manolo.valenzuela-1,TRUE,FALSE,FALSE
236,15182,30384,52057.5412,29937.51137,1.449491559,6,7835.377,7615.212,1847.518,1340.996,beam,148667,0.232697209,new design of bracket3.stp,jet-engine-bracket-6,Nishikant Maruti Mane,nishikant.maruti.mane-1,FALSE,FALSE,TRUE
237,47478,94976,251062.2582,85321.28538,1.334117796,6,711.8808,346.0438,449.9294,337.4814,block,558411,1.122248294,a279837B8p1l-Weight Reduction.SLDPRT,weight-reducttion-jet-bracket-1,Bol,bol,FALSE,FALSE,TRUE
238,37709,75438,285017.7798,53821.78807,1.218898188,6,555.3786,299.4573,300.181,307.499,block,564406,1.274029476,Dominic Baldrica.STEP,ge-engine-bracket-7,dominic baldrica,dominic.baldrica,FALSE,TRUE,FALSE
240,17573,35174,159315.8691,43100.87319,1.634666076,8,1565.837,1153.671,747.0511,451.8122,flat,197094,0.712141935,op2.stp,op-2-x-form-1,Manolo Valenzuela,manolo.valenzuela-1,FALSE,FALSE,FALSE
241,25928,51876,198908.2311,45302.27088,1.363409185,6,1145.837,615.9183,627.9241,352.4831,flat,320857,0.889119793,Ge-Bracket V1.STEP,ge-bracket-v1-1,Andrei,andrei-19,FALSE,FALSE,FALSE
242,32522,65072,198516.1656,48072.11792,1.244513426,8,2091.458,1015.052,1177.342,351.1247,flat,408954,0.88736726,Ge-Bracket V2.CATPart,ge-bracket-v2-1,Andrei,andrei-19,FALSE,FALSE,FALSE
245,107658,215604,159876.0283,106895.9222,0.993386966,73,3260.166,1675.783,1840.193,519.8283,flat,851884,0.714645847,GE Engine Bracket V.5.SLDPRT,ge-engine-bracket-version-5-1,Alex Scarborough,alex.scarborough-1,FALSE,FALSE,FALSE
246,21131,42310,94207.17153,49374.52881,1.591544975,13,7371.391,4622.325,4483.329,1461.922,flat,194075,0.421106057,bk2.2.STEP,ge-jet-engine-bracket-20,Shannon,shannon,FALSE,FALSE,FALSE
247,25389,50798,165685.3598,45730.26884,1.395772234,6,629.2505,508.6851,473.3491,323.5468,beam,291441,0.740613558,original1.IGS,jet-engine-bracket-7,Deep Mota,deep.mota-1,FALSE,FALSE,FALSE
248,16283,32586,355289.6335,46237.40124,1.785416823,6,815.8813,541.4766,383.542,380.8927,block,193953,1.588144662,jaeger_v01_ge_round.IGS,ge-jet-engine-bracket-challenge-10,Daniel Jaeger,daniel.jaeger,FALSE,TRUE,FALSE
249,17369,34758,131339.592,41010.1834,1.639104691,6,1084.459,948.665,589.1465,444.8188,flat,194742,0.587087976,Bracket_3.stp,bracket_03-1,Giacomo Calzoni,giacomo.calzoni-1,FALSE,TRUE,FALSE
252,16219,32458,354432.2412,46163.89961,1.790215828,6,817.7936,564.5647,436.0302,330.8979,block,193618,1.584312118,v02_superlight.IGS,ge-jet-engine-bracket-challenge-11,Daniel Jaeger,daniel.jaeger,FALSE,FALSE,FALSE
254,31729,63574,130329.1824,62146.45763,1.436237733,30,1213.001,772.4644,828.2252,540.7032,block,345384,0.582571446,BRACKET V3.STEP,ge-jet-engine-bracket-second-proposal-1,Rodolfo Solorio,rodolfo.solorio-1,FALSE,FALSE,FALSE
255,34659,69338,158133.4786,48757.49752,1.208487051,6,1059.747,663.944,442.6972,322.07,flat,402134,0.706856649,GE jet engine bracket - Wirgart Racing.stp,ge-jet-engine-bracket-wirgart-racing-1,Daniel Von Wirgart,daniel.von.wirgart-1,FALSE,FALSE,TRUE
256,49464,98948,165226.7725,43711.3467,0.93119201,6,681.0175,470.1341,300.2913,313.1418,butterfly,700746,0.738563673,GE-JET ENGINE BRACKET-RIC04.stp,ge-jet-engine-bracket-01-1,Richard,richard--78,FALSE,FALSE,FALSE
257,49113,98246,165210.961,43707.9376,0.938153118,6,719.2302,489.8733,311.0183,321.474,butterfly,698018,0.738492996,GE-JET ENGINE BRACKET-RIC05.igs,ge-jet-engine-bracket-01-1,Richard,richard--78,TRUE,FALSE,FALSE
258,51674,103368,147097.9026,48267.50388,0.962009019,6,1057.464,531.9222,535.6973,361.5419,flat,633885,0.657527625,GE-JET ENGINE BRACKET-RIC04.stp,ge-jet-engine-bracket-02-1,Richard,richard--78,FALSE,FALSE,FALSE
259,51998,104016,147089.4918,48267.99663,0.958432618,6,1084.768,537.0969,555.9264,346.641,block,636358,0.657490028,GE-JET ENGINE BRACKET-RIC05.igs,ge-jet-engine-bracket-02-1,Richard,richard--78,FALSE,FALSE,FALSE
261,38186,76404,190783.0645,48405.22687,1.116661037,9,766.6071,674.6845,372.2584,228.6425,flat,554160,0.852800298,Ti-Bracket_var03.STEP,titanium-bracket-var_a-1,Duje Siskov,duje.siskov-1,FALSE,FALSE,TRUE
262,38658,77348,156886.9877,45398.13596,1.071859404,9,885.3989,890.23,507.0533,417.0474,flat,526891,0.701284835,Ti-Bracket_var04.STEP,titanium-bracket-var_b-1,Duje Siskov,duje.siskov-1,FALSE,TRUE,FALSE
266,15576,31172,142361.7005,45414.46618,1.828679218,6,1616.171,1102.884,1087.983,635.8889,butterfly,148566,0.636356801,GE BRACKET-3.stp,ge-bracket-design-1,Girish.K.S,girish.k.s-1,TRUE,FALSE,FALSE
267,17283,34586,162175.114,46715.14018,1.752391115,6,793.4774,585.6165,554.8234,309.142,block,176805,0.72492276,GE BRACKET-2.stp,ge-bracket-design-2,Girish.K.S,girish.k.s-1,FALSE,TRUE,FALSE
268,14850,29724,114949.4524,40880.83968,1.769398967,7,2196.052,1055.004,2470.573,1794.192,flat,143809,0.513824052,grabcad_ge_jet_engine_bracket_challenge.igs,grabcad_ge_jet_engine_bracket_challenge-1,Chris Hinc,chris.hinc-1,TRUE,FALSE,FALSE
269,52632,105308,143287.1111,57536.02806,1.066071069,12,3127.678,1522.196,1623.565,328.2886,flat,693003,0.640493387,Bracket ge-ver9.stp,bracket-ge-ver9-1,Tomek F.,tomek.f,FALSE,FALSE,FALSE
270,64210,128440,97991.63218,42192.19955,0.818762694,6,7061.758,4384.939,2956.979,470.3744,arch,813880,0.438022596,ButterflyBracket_08.STEP,butterfly-bracket-ii-1,Lumas,lumas-1,FALSE,FALSE,FALSE
271,20134,40304,224108.6869,43251.97392,1.481250823,10,346.3643,258.482,226.7423,348.4632,flat,228641,1.00176583,GE jet engine bracket.stp,powerfull-bracket-1,Ajay Agrawal,ajay.agrawal-1,FALSE,FALSE,FALSE
275,53730,107492,124773.3504,59353.74652,1.048328026,9,1320.208,1150.224,721.7878,315.4517,block,709795,0.557736876,Assem.stp,ge-jet-engine-bracket-v2-1,Andrew Smolkov,andrew.smolkov-1,FALSE,FALSE,TRUE
279,11319,22674,104803.6975,35070.26911,1.888797522,10,1275.97,2053.811,1167.008,487.8145,beam,102770,0.468472528,GE jet engine bracket challenge New Design - V3.IGS,ge-jet-engine-bracket-challenge-new-design-v2-1,Yohanes Harlieyanta,yohanes.harlieyanta-1,FALSE,FALSE,FALSE
280,22637,45294,237919.8064,56369.07324,1.630673075,6,790.1678,461.3847,491.2582,301.2023,flat,298914,1.063501535,GE-project_2.STEP,ge-jet-engine-bracket-challenge-6,Vishal Bharatia,vishal.bharatia,FALSE,FALSE,FALSE
281,308930,619300,157133.25,133063.1828,0.69523612,361,3148.818,1295.856,2290.17,1465.291,block,3020741,0.702385627,Matix_concept_01.x_t,matrix-experimental-concept-01-1,Danny Tasmakis,danny.tasmakis,TRUE,FALSE,FALSE
282,58623,117226,122229.4485,127342.8825,1.562203625,-4,729.2319,575.7559,567.2596,511.8692,block,315081,0.546365635,130623-006.stp,ge-jet-engine-bracket-challenge-7,Mark Ramsey,mark.ramsey-2,FALSE,FALSE,FALSE
284,34692,69368,378010.1917,78944.79604,1.576781552,-3,553.7444,309.0487,259.3188,291.8789,block,467501,1.689705557,GE Engine Bracket - African Version.stp,ge-engine-bracket-8,neil louw,neil.louw,FALSE,TRUE,FALSE
285,32692,65472,191632.0817,46318.2867,1.197815328,23,854.3665,581.2985,382.3372,325.6124,arch,416762,0.856595405,BRACKET_EVO_II.STEP,ge-jet-engine-bracket-challenge-evo-ii-1,Lorenzo Temporin,lorenzo.temporin-1,FALSE,FALSE,TRUE
289,34582,69184,292597.537,47017.31565,1.145950257,6,501.7373,337.1962,281.7984,323.6224,flat,468719,1.30791099,GE-jet engine bracket-36.7% reduction.STEP,ge-jet-engine-bracket-challenge-9,Marinus Reutelingsperger,marinus.reutelingsperger-1,FALSE,TRUE,FALSE
290,28879,57778,275000.1032,45523.18148,1.246570218,6,527.1093,330.4723,277.2252,307.6227,flat,383200,1.229250461,GE-jet engine bracket-40.7% reduction.STEP,ge-jet-engine-bracket-challenge-9,Marinus Reutelingsperger,marinus.reutelingsperger-1,TRUE,FALSE,FALSE
291,34922,69864,257165.0957,48264.36036,1.153401342,6,821.5345,508.8758,405.112,387.8362,flat,455701,1.149527978,GE Jet Engine Bracket Strong.STEP,ge-jet-engine-bracket-strong-1,Arief Nur Hidayat,arief.nur.hidayat-1,FALSE,FALSE,TRUE
293,36388,72808,145496.3036,43295.47509,1.085345186,9,904.5343,1037.366,525.7758,343.4246,flat,483403,0.650368477,Ti-Bracket_var04.STEP,titanium-bracket-var_iii-correction-1,Duje Siskov,duje.siskov-1,FALSE,FALSE,FALSE
295,20263,40546,95027.69756,35614.53386,1.379070767,6,2372.27,1932.317,895.214,743.526,beam,224017,0.424773808,GE Jet Engine Bracket.STEP,ge-jet-engine-bracket-25,RYAN,ryan-319,TRUE,FALSE,FALSE
296,50033,100094,125562.2721,44507.72524,0.943166295,8,1278.883,1373.53,1409.66,320.1934,arch,610285,0.561263356,COPY OF GE BRACKET-5.stp,ge-bracket-design-4,Girish.K.S,girish.k.s-1,FALSE,FALSE,FALSE
297,14950,29920,163058.189,40693.5036,1.721087701,6,1808.868,636.5004,1282.551,1271.627,flat,185362,0.728870105,20130701_ge_wave_bracket_fea.igs,ge-wave-bracket-2-0-1,Michele Cantatore,michele.cantatore,TRUE,FALSE,FALSE
302,28135,56306,191366.7525,44857.79927,1.304032717,10,1219.909,845.7382,597.9106,306.0466,flat,372831,0.855409383,jets.STEP,ge-jet-engine-bracket-2-2,Victor Bonavarte 6779,victor.bonavarte.6779-1,FALSE,FALSE,TRUE
306,54605,109230,119837.5326,49863.11572,0.956874595,6,853.9379,509.0078,528.2435,423.8621,flat,641437,0.535673771,new_bracket_2.stp,ge-jet-engine-bracket-challenge-by-tiago-1,Tiago Pereira,tiago.pereira--1,FALSE,FALSE,TRUE
308,49320,98660,111082.4176,37714.39342,0.880563779,6,2949.513,3034.885,2167.345,1182.768,flat,644993,0.496538407,Bracket.stp,new-ge-bracket-1,Damian Lesniak,damian.lesniak,FALSE,FALSE,TRUE
309,48201,96422,112630.8068,37863.30724,0.895205393,6,2770.382,2496.899,2066.978,1101.676,flat,637735,0.503459707,Bracket ver2.stp,new-ge-bracket-1,Damian Lesniak,damian.lesniak,FALSE,FALSE,FALSE
310,24005,48030,120874.5139,64869.88366,1.736925584,6,818.4481,652.1857,449.2013,470.1357,arch,233700,0.540309077,Ti-Bracket_LOYDD_VI.STEP,ti-bracket-loydd_vi-1,Duje Siskov,duje.siskov-1,TRUE,FALSE,FALSE
311,23483,46986,235442.3754,48414.0164,1.497515142,6,1175.228,711.0995,553.2158,604.9918,flat,309969,1.052427418,ge_engine_bracket.stp,ge-engine-bracket-9,Sivaraman,sivaraman-1,TRUE,FALSE,FALSE
312,38226,76472,123949.4137,47748.44685,1.105667247,6,1737.713,1132.879,1215.119,343.445,arch,435012,0.554053879,GE BRACKET-6.stp,ge-bracket-design-5,Girish.K.S,girish.k.s-1,TRUE,FALSE,FALSE
316,57489,115026,100569.8869,67679.92813,1.093446257,13,1103.119,660.2144,692.4079,472.3209,block,569217,0.449547394,bracket_03.IGS,ge-engine-bracket-v03-443-grams-1,Ardo Rand,ardo.rand,FALSE,TRUE,FALSE
318,27361,55010,134599.6257,55323.14247,1.466718296,73,3370.399,2188.189,2627.207,662.3671,flat,301454,0.601660327,Jet Engine Bracket.stp,jet-engine-bracket-12,Scott McKenzie,scott.mckenzie-2,FALSE,FALSE,FALSE
319,34293,68606,178480.5883,58862.87235,1.296423376,6,800.7688,412.9347,545.8815,299.0294,flat,442395,0.79780823,Light_Balc.STEP,balcn-bracket-1,Aldin Ramic,aldin.ramic,FALSE,FALSE,FALSE
320,41087,82194,126256.006,42007.79288,1.014577163,6,838.1965,554.9873,622.9531,331.8263,block,548295,0.564364347,10_final.stp,1st-attempt-engine-bracket-1,Antonio Cruz,antonio.cruz-2,FALSE,FALSE,FALSE
321,24303,48626,166045.7709,45626.5569,1.459303529,6,633.3698,343.1705,369.1861,324.071,block,272483,0.742224596,20_final.stp,2nd-attempt-engine-bracket-1,Antonio Cruz,antonio.cruz-2,TRUE,FALSE,FALSE
322,17104,34228,115691.8965,33522.39671,1.47877622,6,1408.934,888.2554,581.1772,518.7607,butterfly,177953,0.517142777,mod_final.stp,mod-3rd-attempt-engine-bracket-1,Antonio Cruz,antonio.cruz-2,FALSE,TRUE,FALSE
323,19240,38508,113769.6633,33618.98196,1.378935672,8,1318.73,858.9889,576.5898,559.2134,butterfly,209400,0.508550395,mod_final_2.stp,mod-4th-attempt-engine-bracket-1,Antonio Cruz,antonio.cruz-2,FALSE,TRUE,FALSE
324,26495,53094,108644.4851,56622.0742,1.520426621,27,928.5172,1585.678,673.6348,616.1819,arch,249552,0.485640849,Ti-Bracket_Loydd_07.STEP,ti-bracket-loydd_7-1,Duje Siskov,duje.siskov-1,FALSE,FALSE,FALSE
325,56889,113798,150771.3047,78292.71337,1.173693154,6,984.4182,881.0883,694.5821,327.3973,block,538189,0.673947732,Bracket ge-ver12.stp,bracket-ge-ver12-1,Tomek F.,tomek.f,TRUE,FALSE,FALSE
329,20413,40846,312568.6578,49263.53238,1.629887535,6,589.366,333.9398,293.6556,320.9069,block,246471,1.3971819,jta-1.STEP,jta-bracket-1,julius,julius--2,FALSE,TRUE,FALSE
331,42264,84548,355166.2792,60111.26316,1.186737683,6,635.743,335.172,360.2934,201.4245,block,586794,1.587593268,GB.stp,ge-entry-1,Matija,matija-6,FALSE,FALSE,FALSE
332,70760,141540,237291.7119,61311.19486,0.919152267,6,1299.239,953.8135,607.8045,332.3731,flat,1021944,1.060693952,GE-Challenge_V2.stp,ge-jet-engine-bracket-challenge-v2-1,Vishal Bharatia,vishal.bharatia,TRUE,FALSE,FALSE
335,31934,63924,160036.7214,76243.09315,1.599260316,15,584.5158,645.9551,548.442,306.0715,block,296250,0.715364145,Loydd_9.STEP,loydd_9-1,Duje Siskov,duje.siskov-1,FALSE,TRUE,FALSE
336,31934,63924,160036.7214,76243.09315,1.599260316,15,579.3438,646.4514,541.9263,315.3459,block,296070,0.715364145,Loydd_9b.STEP,loydd_9-1,Duje Siskov,duje.siskov-1,FALSE,TRUE,FALSE
337,42820,85680,126741.9139,37080.17876,0.939822155,11,1309.06,879.7103,648.6993,625.7531,butterfly,598078,0.566536355,new ge bracket 2.STEP,engine-bracket-01-1,xr7kid,xr7kid-1,FALSE,FALSE,FALSE
339,14720,29460,96730.02645,34061.21825,1.592390877,6,1531.695,1549.716,1155.112,2419.125,flat,148294,0.432383218,op5.stp,op-5-k-cargo-1,Manolo Valenzuela,manolo.valenzuela-1,TRUE,FALSE,FALSE
342,45218,90480,164182.4234,42940.87077,0.974977633,12,985.1981,715.1389,424.0084,414.5236,arch,633632,0.733895432,Bracket_V2.3.2.IGS,ge-jet-engine-bracket-v2-2-1,Andrew Smolkov,andrew.smolkov-1,FALSE,FALSE,TRUE
345,34632,69312,194246.6596,57676.83701,1.345138387,13,1466.059,1027.813,764.6288,944.439,flat,439357,0.868282568,GE Jet Engine Bracket.stp,ge-jet-engine-bracket-initial-plan-1,Netfish netsea,netfish.netsea-1,FALSE,FALSE,FALSE
348,16442,32904,256150.0268,46808.01208,1.782161484,6,498.7833,311.2278,341.3753,330.9739,flat,197162,1.14499062,bracket engine.igs,bracket-9,Ionel,ionel-3,FALSE,FALSE,FALSE
351,19987,39994,178069.7751,55500.99556,1.753910069,6,1579.856,740.3026,840.6498,318.8517,flat,190859,0.795971895,N.STEP,bracket-10,vahid paydar,vahid.paydar-1,TRUE,FALSE,FALSE
356,37346,74720,152162.8428,40332.356,1.018391956,8,685.5771,535.9398,488.433,454.3027,flat,480303,0.680167907,bracket.IGS,ge-bracket-8,Marcos M.C.,marcos.m.c,FALSE,TRUE,FALSE
357,35551,71126,208804.6338,48578.64461,1.204739636,7,980.8328,710.401,881.1893,554.4762,flat,439409,0.933356713,ge2.stp,ge-bracket-9,Ankur Biswas,ankur.biswas-1,TRUE,FALSE,FALSE
361,31952,63928,109599.1561,43552.64191,1.181886834,7,870.9703,530.0439,758.226,345.7552,flat,373156,0.489908228,GE_jet_engine_Bracket_Opti_Design_Phase 1.stp,ge-jet-engine-bracket-opti-design-phase-1-1,Cheng.Li,cheng.li-1,TRUE,FALSE,FALSE
362,32699,65414,289097.2459,54163.04051,1.285614125,5,1959.705,661.8934,1579.929,848.5021,other,430107,1.292264689,modified.SLDPRT,ge-jet-engine-bracket-challenge-14,emre,emre--13,FALSE,TRUE,FALSE
364,79513,159054,104421.0146,75654.3104,0.973591355,8,976.7981,623.0533,855.906,928.1476,block,825015,0.466761935,Concept_v2.16-Light Op3.STEP,general-electric-get-engine-bracket-v2-16-1,Alex,alex-24,FALSE,FALSE,TRUE
365,53009,106194,125169.1807,46601.87365,0.955905102,45,2005.056,814.2074,1635.376,767.4805,butterfly,665095,0.559506238,ge bracket version 5.0.STEP,general-electric-bracket-1,simon,simon-240,FALSE,FALSE,TRUE
366,29997,60014,259886.7584,49692.32705,1.284599637,6,1049.376,526.6788,566.4131,405.882,flat,617630,1.16169381,GE90 Jet Engine Lifting Bracket.STEP,generalelectric-2,Ryan Ecleo,ryan.ecleo-1,FALSE,TRUE,FALSE
369,23899,47818,77887.79493,29108.71313,1.086002148,6,1506.685,1124.346,607.5868,594.0283,butterfly,284672,0.348158443,Meszaros Mario_GE.stp,meszaros-mario_ge-challenge-1,M├⌐sz├íros M├íri├│ ,meszaros.mario-1,FALSE,FALSE,TRUE
371,19664,39364,205409.3007,50235.36098,1.683577278,10,1147.932,713.8605,600.4539,486.1584,flat,234617,0.918179574,GE_model_1.stp,ge_jet-engine-bracket-challenge_1-1,Siddhant Tibrewal,siddhant.tibrewal-1,FALSE,FALSE,TRUE
373,26002,52020,44375.91043,24680.13292,0.959877389,5,3441.319,3743.582,1982.855,421.03,arch,268499,0.19836032,MD_07.stp,raja-2,M. David,m.david-2,TRUE,FALSE,FALSE
374,11048,22116,106648.8121,34359.86736,1.893767899,6,2159.937,1369.866,990.7625,478.8452,arch,102080,0.47672019,3.stp,ge-jet-engine-bracket-30,jaxon,jaxon-1,FALSE,FALSE,TRUE
375,50685,101390,149264.3009,79668.31296,1.28403061,6,736.7321,443.4109,551.8535,343.4183,arch,526857,0.667211425,ge-bracket-06.stp,ge-bracket-06-ajc-1,Andrew Coyne,andrew.coyne-1,TRUE,FALSE,FALSE
377,25401,50858,325282.3207,67656.33626,1.727982633,15,526.4941,337.3821,259.887,321.9923,flat,311037,1.454011974,ge part1.SLDPRT,matt-s-bracket-1,matt osborn,matt.osborn-1,TRUE,FALSE,FALSE
378,91801,184338,131175.4775,82655.4101,0.961892858,185,1850.879,810.3994,1118.615,558.6581,arch,952665,0.586354385,ge-bracket-07.stp,ge-bracket-07-ajc-1,Andrew Coyne,andrew.coyne-1,FALSE,TRUE,FALSE
379,18050,36140,124102.9054,42757.88369,1.585385502,11,837.6453,646.3301,602.5433,640.9305,flat,198189,0.554739987,ge_wave_bracket_light.igs,ge-wave-bracket-2-0-light-1,Michele Cantatore,michele.cantatore,FALSE,FALSE,TRUE
380,64351,128722,230898.5572,95742.08302,1.217566588,6,566.0864,329.1707,388.3392,295.437,block,873238,1.032116551,engine bracket.stp,engine-bracket-4,Richard Amancio,richard.amancio-1,FALSE,FALSE,TRUE
382,17145,34310,382149.716,52551.79639,1.858256276,6,527.9578,305.5102,302.0418,305.6221,flat,210931,1.708209231,latest.stp,bracket-13,praveen kumar,praveen.kumar-22,FALSE,FALSE,TRUE
383,17054,34128,315176.637,54985.81738,1.927662221,6,667.3451,414.9451,365.5545,294.5242,flat,197733,1.408839568,geimp.stp,bracket-13,praveen kumar,praveen.kumar-22,FALSE,FALSE,FALSE
384,38938,78060,288061.7831,110118.1684,1.78461316,47,660.2168,363.5857,354.5572,328.7572,block,372360,1.28763617,OREJETA_V2.STEP,orejeta-turbinas-1,JuanCR,juancr-1,FALSE,TRUE,FALSE
386,17054,34128,315176.637,54985.81738,1.927662221,6,681.003,421.9536,395.9712,299.6959,flat,195958,1.408839568,geimp.stp,bracket-14,praveen kumar,praveen.kumar-22,FALSE,FALSE,FALSE
387,17750,35520,365546.402,53161.90503,1.841665019,6,653.8128,309.7919,443.5725,320.3216,flat,223526,1.633992417,render2.stp,jet-engine-bracket-14,praveen kumar,praveen.kumar-22,FALSE,TRUE,FALSE
388,58010,116048,89373.23211,47050.79803,0.891361018,8,2030.186,1145.711,1061.779,474.3102,flat,745239,0.399498348,GE_jet_Ti6Al4V_1.0.stp,ge_jet_ti6al4v_1-0-1,Andrei Roncea,andrei.roncea-1,FALSE,FALSE,FALSE
389,81225,162470,101478.835,48564.53239,0.784409031,6,1877.222,1248.968,757.5123,663.2286,arch,1026655,0.453610393,GE_jet_engine_bracket_V5.igs,ge_jet_engine_bracket_challenge_v1-1,Florin Traila,florin.traila-1,FALSE,FALSE,FALSE
390,84336,168692,101473.7017,48611.04055,0.769946832,6,1806.795,1260.259,958.2382,681.7053,arch,1080351,0.453587447,GE_jet_engine_bracket_V1.stp,ge_jet_engine_bracket_challenge_v1-1,Florin Traila,florin.traila-1,TRUE,FALSE,FALSE
393,30676,61372,152210.7386,50110.23401,1.308348221,6,1600.289,1262.146,828.6772,399.3321,flat,407779,0.680382002,GE engine bracket.STEP,ge-jet-engine-bracket-31,bakini,bakini-2,FALSE,FALSE,FALSE
394,165764,332036,200334.5936,239740.7267,1.253878565,128,1123.116,516.7711,987.9441,358.6666,block,1316240,0.895495633,GE_C2B_entry.STEP,ge-concept-2b-1,Scott Calvert,scott.calvert-1,FALSE,FALSE,TRUE
395,41031,82082,118451.4347,77354.35936,1.400863964,6,673.4474,453.9815,735.3608,445.0789,block,352721,0.529477913,GE bracket + Vis - 524 grammes.stp,ge-jet-engine-bracket-challenge-15,Ririwin,ririwin-1,FALSE,FALSE,FALSE
398,31487,62998,65265.09424,28684.20613,0.944153282,7,4340.584,2950.037,2012.078,855.1071,butterfly,373092,0.291734971,GE_BRACKET_130726_003.stp,ge_bracket-step-1,camoca,camoca-1,FALSE,FALSE,FALSE
400,40790,81600,88865.29317,41446.50988,0.989674015,6,1417.713,966.0319,676.9547,724.5665,beam,485177,0.39722786,ge_bracket.stp,ge-jet-engine-bracket-challenge-16,Gerald Feldman,gerald.feldman-1,FALSE,FALSE,FALSE
403,26696,53412,329584.6096,75641.59523,1.794776996,6,542.0651,278.712,272.2329,335.4288,block,307733,1.473243205,primer prueba.STEP,first-test-1,Rafael,rafael-213,FALSE,FALSE,FALSE
406,39944,79908,104303.4649,35808.01252,0.93527379,6,1755.158,2071.287,1374.103,698.596,flat,503855,0.466236488,GE_jet_engine_bracket.stp,ge-jet-engine-bracket-38,Ricky,ricky-29,FALSE,FALSE,FALSE
407,12930,25880,213044.9213,40202.99349,1.885508383,6,593.5401,492.7883,388.3107,420.1135,flat,144124,0.952310798,GE_Thadeu_Renato.STEP,ge-test-1-1,Victor Thadeu,victor.thadeu-1,TRUE,FALSE,FALSE
411,18917,37854,463447.0885,53981.05035,1.800799882,6,437.5053,272.2658,221.0122,321.3633,block,237124,2.071608486,meu.SLDPRT,support-engine-1,REIS,reis-2,FALSE,FALSE,FALSE
412,37772,75592,354376.8516,61357.2176,1.262910206,13,544.1195,531.9431,433.2767,416.6831,other,601132,1.584064527,meu1.SLDPRT,support-engine-1,REIS,reis-2,FALSE,FALSE,TRUE
413,37773,75594,354373.4318,61357.69376,1.263664112,13,526.8433,536.6443,471.1695,437.2149,other,607793,1.58404924,meu1.1.STEP,support-engine-1,REIS,reis-2,FALSE,FALSE,TRUE
415,23143,46326,115443.5409,37160.75173,1.274534494,11,766.5405,603.8408,630.7593,742.0362,arch,301845,0.516032628,veglegesv80.stp,bracket_v1-1,Kriszti├ín Ha├ísz,krisztian.haasz-1,FALSE,FALSE,FALSE
416,21790,43604,178271.9834,55536.49036,1.687490772,7,1449.858,940.4243,691.7018,433.3727,flat,226199,0.796875766,GE jet engine bracket2.stp,ge-jet-engine-bracket-40,Rapbando,rapbando-1,FALSE,FALSE,FALSE
417,18037,36094,242307.7485,44004.97371,1.650717939,6,801.0947,477.2645,368.5038,367.9764,arch,220815,1.083115636,GE_bracket.stp,ge-project-1,Greg Murvai,greg.murvai-1,FALSE,FALSE,FALSE
418,85332,170684,90158.82064,95704.45222,1.045932112,6,5454.211,2033.93,3646.373,2270.795,flat,461100,0.403009928,GE Jet ENGINE BRACER.STEP,ge-jet-engine-bracket-challenge-17,Rona,rona-4,TRUE,FALSE,FALSE
419,83868,167756,114650.7273,112098.6153,1.131607504,6,2556.649,1810.851,2015.447,1015.603,block,463179,0.512488751,Jet Engine 3.SLDPRT,jet-engine-3-1,Rona,rona-4,FALSE,TRUE,FALSE
420,36274,72576,195129.0201,49310.04452,1.146195764,8,534.2076,418.1313,299.8483,381.3583,other,493966,0.87222672,NEW BRACKET.stp,jet-engine-bracket-challenge-1,Antoniou Stephanos,antoniou.stephanos-1,TRUE,FALSE,FALSE
421,16475,32970,263907.641,43966.59897,1.718791041,6,739.8737,409.4963,392.6227,376.622,flat,201247,1.179667155,ge_bracket.prt,ge-bracket-challenge-3,Roberto Rodriguez,roberto.rodriguez,TRUE,FALSE,FALSE
422,17622,35292,104505.4866,43251.22668,1.639764404,13,1369.432,1414.94,972.1471,753.7176,flat,171267,0.467139525,FrevillierThomasPart.stp,ge-bracket-design-6,Thomas Frevillier,thomas.frevillier-1,FALSE,FALSE,FALSE
424,40477,80974,362313.7921,56755.05607,1.163876675,6,597.2198,369.6516,295.8925,318.5431,block,561561,1.619542651,GE engine maintenace bracket mod.stp,ge-maintenance-bracket-by-maciek-1,Maciek_Wu,maciek_wu-1,FALSE,FALSE,FALSE
425,44852,89748,132636.1001,82804.74425,1.376508435,12,958.7352,688.8832,749.0382,409.2939,block,396728,0.592883367,GE-Motor-Mount-GrabCad-1.IGS,ge-bracket-13,Dan Q,dan.q,FALSE,FALSE,FALSE
427,23583,47198,121446.3306,46605.79753,1.413414099,9,2420.251,3828.544,3076.51,1474.683,flat,279104,0.542865098,Jet_engine_bracket.igs,ge-jet-engine-bracket-challenge-18,htkashai,htkashai-1,FALSE,FALSE,FALSE
428,118959,237946,195080.5029,128480.0497,1.016976338,8,600.4604,409.1081,302.7573,296.4571,block,1269918,0.872009848,GE_bracket.stp,ge-jet-engine-bracket-challenge-19,michele di sacco,michele.di.sacco-1,FALSE,TRUE,FALSE
432,23134,46292,313932.2868,64280.48876,1.766522072,7,785.4371,454.2869,384.1129,311.785,flat,264438,1.403277322,GE Mount.stp,ge-mount-1,Punit,punit-4,FALSE,TRUE,FALSE
433,14704,29436,195018.7916,46716.06173,1.90650903,8,1069.099,1075.287,759.7759,481.8282,flat,145619,0.871733998,bracket.STEP,engine-bracket-5,Dino Salkanovic,dino.salkanovic,FALSE,FALSE,TRUE
434,28219,56470,367319.0373,61235.8265,1.504733267,9,557.9116,334.2781,285.5318,303.4852,flat,373364,1.641916097,GE bracket_20130803_A.STEP,ge-titanium-bracket_20130803_a-1,Aleksandr R,aleksandr.r-2,FALSE,TRUE,FALSE
437,21630,43280,182883.7882,56663.96676,1.717541308,6,819.8692,511.6632,597.5566,306.201,block,231441,0.817490533,Modified.stp,jet-engine-bracket-16,Tomas,tomas--16,FALSE,FALSE,TRUE
438,26726,53524,242339.312,67380.46481,1.660793317,19,786.1285,401.6716,410.3351,315.8821,flat,329492,1.083256725,Model.stp,ge-chanlenge-1,Gustavo Vieira,gustavo.vieira-14,TRUE,FALSE,FALSE
439,34673,69374,221825.1583,55038.99914,1.212104381,8,1177.922,559.1901,697.2814,379.7686,flat,516014,0.991558458,bracket.STEP,ge-jet-engine-bracket-3-0-1,Dino Salkanovic,dino.salkanovic,FALSE,TRUE,FALSE
440,12406,24832,122840.5034,37133.0782,1.842276298,6,1314.307,1065.782,600.0585,526.5822,flat,121370,0.54909705,BR222.IGS,ge-bracket-n2-1,Gochat,gochat-1,FALSE,TRUE,FALSE
441,30363,60774,106021.2492,64590.61976,1.513585162,13,954.4142,900.5668,873.1171,454.0591,butterfly,252102,0.473914984,Bracket_470g.IGS,an-attempt-to-create-a-bracket-design-1,Andrew Smolkov,andrew.smolkov-1,FALSE,FALSE,TRUE
446,39634,79268,161340.2961,58742.75481,1.227011863,1,914.1198,704.74,419.5382,461.9179,flat,454081,0.721191124,ge bracket by bac.STEP,general-electric-engine-bracket-1,brett cheatham,brett.cheatham-1,FALSE,FALSE,FALSE
447,21822,43672,106348.0697,38565.48904,1.333133045,8,1045.104,878.4921,463.1934,679.0049,flat,295435,0.475375871,original masolata.STEP,version3-1,├ürmin Fendrik,armin.fendrik-1,FALSE,FALSE,TRUE
448,12269,24558,74697.91414,25568.91381,1.504622324,6,1661.14,1366.862,701.7369,436.6873,beam,134740,0.333899676,Support v4-1.stp,ge-jet-engine-bracket-v1-2,Alexis,alexis-23,FALSE,FALSE,TRUE
449,24811,49674,179496.0925,65374.77638,1.715762898,14,800.498,560.5706,612.8239,302.7609,block,243679,0.802347533,final.stp,ge-engine-mount-strongone-1,Greg Brown,greg.brown,FALSE,TRUE,FALSE
454,13683,27394,135053.5638,34687.18119,1.689044844,8,765.4387,655.7875,457.0784,337.2051,arch,143967,0.60368943,bra_7.IGS,ge-bracket-n5-1,Gochat,gochat-1,TRUE,FALSE,FALSE
456,19570,39216,103934.8078,44457.90661,1.589958667,20,1098.917,1081.962,891.2029,386.2334,beam,198282,0.464588591,bra010.IGS,ge-bracket-n6-1,Gochat,gochat-1,FALSE,FALSE,TRUE
459,19036,38108,117428.4754,49299.61447,1.688970464,10,1462.868,1458.007,596.6117,1441.855,flat,186889,0.524905285,prop_ma_01.STEP,ge-jet-engine-bracket-contri-2-1,blekiwajt,blekiwajt-1,FALSE,FALSE,FALSE
460,25046,50140,201941.447,50627.81476,1.438932367,13,1112.459,721.1153,477.4947,348.5966,flat,297881,0.902678268,ge_v3.stp,ge-jet-engine-bracket-challenge-v3-1,Vishal Bharatia,vishal.bharatia,FALSE,FALSE,TRUE
461,57071,114258,93230.38185,46428.78689,0.932372557,30,3611.878,2035.054,1665.59,964.5709,beam,695254,0.416739807,ge bracket bone final color changed.stp,generalelectric-bone-ultimate-1,andreas anedda,andreas.anedda,FALSE,FALSE,FALSE
462,57160,114436,93234.658,46430.98668,0.930992378,30,3621.716,2029.608,1678.416,922.7971,beam,698501,0.416758921,ge bracket bone final.stp,generalelectric-bone-ultimate-1,andreas anedda,andreas.anedda,FALSE,FALSE,FALSE
464,70148,140380,96641.76964,44703.01884,0.828255384,22,1199.651,845.3589,715.0651,540.3228,arch,940073,0.43198871,jetbracket_gescheiden_05.STEP,optimised-bracket-1,Michael van der Bent,michael.van.der.bent,FALSE,FALSE,FALSE
465,45994,92316,104353.0119,70801.44723,1.276162039,83,880.8636,608.4713,830.0284,752.7543,block,423406,0.466457963,GE JET BRACKET V_3.0.STEP,ge-jet-engine-bracket-v-3-0-1,Arfi'an,arfi.an-1,FALSE,FALSE,TRUE
466,27441,54914,99561.97714,44522.48389,1.300507794,9,1172.165,765.7213,514.6257,467.2096,flat,314080,0.445042038,Handy90IGSbasic.IGS,bulletproof-1,Nic,nic,FALSE,FALSE,TRUE
471,23276,46580,116609.9648,43209.98823,1.375835121,8,1520.532,1791.332,611.9117,797.6387,beam,296626,0.521246543,V1.stp,ge-bracket-v1-2,Abhijeet,abhijeet-26,FALSE,FALSE,FALSE
472,18171,36358,124044.0843,40158.39052,1.536541171,5,1047.516,1025.98,688.7131,563.1321,beam,207389,0.554477057,v2.stp,ge-bracket-v2-3,Abhijeet,abhijeet-26,FALSE,FALSE,TRUE
473,23827,47678,147657.5608,39999.25789,1.31063451,7,1395.51,1073.617,625.308,1800.832,butterfly,316534,0.660029297,V3.stp,ge-bracket-v3-1,Abhijeet,abhijeet-26,FALSE,FALSE,FALSE
474,50682,101384,283997.6212,79955.31727,1.303743772,6,557.9325,247.4143,341.6795,309.0512,block,641896,1.269469367,Iteration1.stp,ge-engine-bracket-17,Kiran Kumar A,kiran.kumar.a-1,FALSE,FALSE,TRUE
475,46566,93152,284832.2654,74068.42541,1.310841818,6,621.4196,276.9721,374.2876,335.0337,block,603352,1.273200226,Iteration3.stp,ge-engine-bracket-17,Kiran Kumar A,kiran.kumar.a-1,FALSE,FALSE,FALSE
476,49602,99224,306510.4194,77934.93378,1.30332809,6,555.5004,253.5955,320.9092,314.8197,block,656474,1.370101575,Iteration2.stp,ge-engine-bracket-17,Kiran Kumar A,kiran.kumar.a-1,TRUE,FALSE,FALSE
479,33249,66518,64021.22747,28000.60166,0.915959943,6,1915.193,1640.836,1628.957,729.1219,butterfly,365472,0.286174887,MD_11.stp,1part-no2-1,M. David,m.david-2,FALSE,FALSE,FALSE
482,22118,44292,106915.2836,53329.90229,1.628866139,15,1041.155,783.4755,717.005,520.4965,flat,202554,0.477911318,Opt7.S3.stp,csula-caltech-students-1,Ted Nye,ted.nye-1,TRUE,FALSE,FALSE
483,22132,44320,106914.8346,53329.94149,1.628296531,15,1024.165,736.1758,684.2106,535.412,flat,201214,0.477909311,Opt7.S3_generalelectric.stp,csula-caltech-students-1,Ted Nye,ted.nye-1,FALSE,FALSE,FALSE
484,20193,40442,107818.5262,54839.65877,1.746463196,15,983.728,763.2124,713.4135,549.6316,flat,172052,0.481948812,Opt5.S2.4.stp,csula-caltech-students-1,Ted Nye,ted.nye-1,FALSE,TRUE,FALSE
485,33371,66762,221173.4715,53765.88684,1.278139096,6,722.5961,338.5167,407.1834,305.9114,block,422103,0.988645418,GE-B-1S.STEP,ge-jet-engine-b-1-1,saeid mirshahidi,saeid.mirshahidi-1,TRUE,FALSE,FALSE
486,35470,70960,89787.60781,29245.68442,0.904698227,6,919.8691,791.2313,539.3859,965.6506,butterfly,468762,0.401350607,design_1.STEP,optimized-ge-bracket-design-1,Scott Frash,scott.frash-1,FALSE,FALSE,FALSE
488,31624,63612,142750.4218,88216.14614,1.782904563,92,1589.494,2100.187,521.2012,1115.82,flat,244886,0.638094386,Jet Engine Bracket-M2.STEP,jet-engine-bracket-m2-1,Gregg,gregg-13,FALSE,FALSE,FALSE
489,37586,75200,127578.6735,42432.05992,1.061179889,8,1048.995,868.0309,443.6461,687.6379,flat,462555,0.570276671,Jet Engine Bracket-M3.STEP,jet-engine-bracket-m3-1,Gregg,gregg-13,FALSE,FALSE,FALSE
492,18174,36368,406146.0673,55067.84535,1.862012701,6,541.3285,306.5404,269.1637,70.89188,flat,223142,1.815472921,GE jet engine bracket challenge.SLDPRT,ge-jet-engine-bracket-challenge-20,Behnam Persian,behnam.persian-1,FALSE,FALSE,TRUE
493,20608,41236,496360.6466,58814.80935,1.798074545,6,475.4245,332.0806,204.7984,251.1609,block,291664,2.21873209,GE bracket2.prt,ge-bracket-16,rupesh dewangan,rupesh.dewangan,TRUE,FALSE,FALSE
494,17035,34110,96046.40631,41931.53809,1.654822136,11,989.6425,1213.089,601.2162,519.7622,flat,160706,0.429327436,final.STEP,one-more-time-1,├ürmin Fendrik,armin.fendrik-1,FALSE,TRUE,FALSE
495,35524,71124,117192.2936,82858.96087,1.609339067,20,652.2507,617.1529,337.7937,318.3005,block,274980,0.523849552,GE_Challenge_Bracket_V12.stp,ge-jet-engine-bracket-proposal-1,Mihael Vucinic,mihael.vucinic-1,FALSE,FALSE,TRUE
496,50839,101734,113319.1612,40032.20719,0.881679044,15,2219.66,1522.186,915.1388,512.9037,butterfly,656518,0.506536651,bracket.stp,ge-jet-engine-bracket-43,Tomas Cervenka,tomas.cervenka-1,TRUE,FALSE,FALSE
497,40756,81552,151454.119,38279.83356,0.989163719,11,1182.819,911.7063,493.7997,443.6303,butterfly,569615,0.676999912,Jet engine bracet ver 2.0.igs,ge-jet-engine-bracket-ver-2-0-1,Sander Saarniit,sander.saarniit,FALSE,FALSE,FALSE
498,76153,152350,69348.9334,50544.37999,0.834376302,12,1602.878,1053.129,751.6447,2093.197,butterfly,891543,0.309989732,GE Bracket holow 307g.stp,let-the-force-flow-volume-ii-1,Hubert Baumgartner,hubert.baumgartner-1,FALSE,FALSE,FALSE
499,39910,79856,104936.8541,44878.52613,1.06535708,10,1249.145,910.249,615.783,794.933,butterfly,512072,0.469067738,GE_jet_Ti6Al4V_v5.3.stp,ge_jet_ti6al4v_v5-3-1,Andrei Roncea,andrei.roncea-1,FALSE,FALSE,FALSE
500,18884,37800,97691.46569,31110.37595,1.32311626,9,1030.316,748.3593,829.3661,1142.586,arch,212225,0.436680852,bracketv3.stp,bracket_v3-1,Kriszti├ín Ha├ísz,krisztian.haasz-1,FALSE,TRUE,FALSE
501,21280,42580,152325.9877,38734.25391,1.337304425,6,933.545,692.82,490.0375,447.9277,flat,253608,0.680897165,brackter_final.STEP,ge-jet-engine-bracket-44,pwanst,pwanst-1,FALSE,TRUE,FALSE
504,11911,23846,97031.27967,35260.83363,1.824062913,7,2312.825,4303.724,1180.409,2227.1,beam,113032,0.43372982,bracket1.stp,ge-jet-engine-bracket-challenge-21,Borut,borut-3,TRUE,FALSE,FALSE
506,12155,24346,82561.00459,28703.35737,1.614851745,10,1481.371,1077.732,516.5693,434.96,beam,120064,0.36904769,Support v4-2 OK 365g.stp,ge-jet-engine-bracket-v2-2,Alexis,alexis-23,FALSE,FALSE,TRUE
507,17742,35504,116191.065,35535.51828,1.420990309,6,1643.217,1505.922,731.5173,375.4934,flat,204340,0.519374061,GE jet engine bracket.STEP,ge-jet-engine-bracket-45,Behnam Persian,behnam.persian-1,FALSE,FALSE,TRUE
510,51396,102812,93928.84429,73025.99876,1.198448405,6,611.5836,570.9506,389.6634,613.9897,block,516151,0.419861934,GE Jet Engine Bracket Version 1.1 By M.STEP,m-kurniawan-ge-jet-engine-bracket-version-1-1-1,M Arie Kurniawan,m.arie.kurniawan-1,TRUE,FALSE,FALSE
511,27893,55806,78232.79415,46015.37373,1.331820033,6,1125.816,836.0897,861.3646,758.2795,butterfly,274934,0.34970059,GENERAL_ELECTRIC_JET_ENGINE_IMPROVED.stp,engine-bracket-improved-1,Sebastien Vavassori,sebastien.vavassori-2,TRUE,FALSE,FALSE
512,37348,74756,138600.728,60617.1852,1.268123796,16,1174.021,708.4758,793.3225,619.8434,butterfly,430964,0.619545254,GE Prototype 1.STEP,ge-jet-engine-bracket-challenge-23,Hendri Surya,hendri.surya-1,FALSE,FALSE,TRUE
513,30336,60692,254181.866,42631.93067,1.155801155,6,1258.966,773.0373,613.7589,430.1442,butterfly,418748,1.136192941,GE-1.STEP,ge-1-1,Pranav Panchal,pranav.panchal,FALSE,TRUE,FALSE
514,15819,31658,192053.5413,35927.04017,1.522215094,6,889.5706,687.8945,513.4243,471.3834,flat,200727,0.85847933,GE-2.STEP,ge-2-1,Pranav Panchal,pranav.panchal,FALSE,FALSE,TRUE
515,47221,94462,153575.6861,48853.68394,1.001604761,6,1186.15,755.6906,559.7032,323.959,butterfly,656279,0.686483317,GE-3.STEP,ge-3-1,Pranav Panchal,pranav.panchal,FALSE,FALSE,TRUE
517,29607,59234,135658.3813,52199.54055,1.351002289,6,1175.886,1122.604,604.3867,420.5476,flat,369323,0.606392965,GE-5.STEP,ge-5-1,Pranav Panchal,pranav.panchal,FALSE,FALSE,FALSE
518,31486,62992,114708.8007,66424.30872,1.473016109,6,1766.748,676.9346,1328.078,428.4102,other,282907,0.512748339,GE-6.STEP,ge-6-1,Pranav Panchal,pranav.panchal,FALSE,FALSE,FALSE
519,28297,56614,108734.16,54716.31043,1.439822929,6,1033.405,487.2832,864.161,426.8678,flat,269652,0.486041695,GE-7.STEP,ge-7-1,Pranav Panchal,pranav.panchal,TRUE,FALSE,FALSE
520,34037,68094,99436.72572,45743.79421,1.144950768,6,2320.959,660.3861,1601.251,538.2202,flat,372586,0.444482164,GE-8.STEP,ge-8-1,Pranav Panchal,pranav.panchal,FALSE,FALSE,TRUE
523,32878,65792,93929.9296,32668.85148,0.989232561,10,2129.872,1382.828,930.5162,795.496,butterfly,427178,0.419866785,500.stp,number-539-1,Martin Dirker,martin.dirker,TRUE,FALSE,FALSE
524,33992,68020,93871.24483,32581.65862,0.973858083,10,1886.427,1235.649,923.83,804.4738,butterfly,431610,0.419604464,539.stp,number-539-1,Martin Dirker,martin.dirker,TRUE,FALSE,FALSE
525,48748,97516,319175.3757,76415.4431,1.297069456,6,505.3881,290.8276,237.9907,332.4192,block,699886,1.426713929,bracket ITERc.stp,three-designs-by-nikhil-1,NIKHIL KHOBRAGADE,nikhil.khobragade-1,FALSE,TRUE,FALSE
527,50522,101064,288419.7311,79754.61448,1.30524597,6,487.6982,263.3846,331.3778,323.0624,block,660979,1.289236198,bracket ITERa.stp,three-designs-by-nikhil-1,NIKHIL KHOBRAGADE,nikhil.khobragade-1,FALSE,FALSE,TRUE
533,23999,48186,68189.73893,31912.84118,1.168359491,48,1372.645,1687.675,956.5623,1270.922,beam,339500,0.304808133,iter8finaldesign.stp,ge-bracket-v3-2,Chris Smith and Jef Draup,chris.smith.and.jef.draup-1,FALSE,FALSE,TRUE
534,14687,29394,112160.7765,30697.54343,1.506461474,6,1302.436,1146.872,722.0164,438.3833,butterfly,150631,0.501358671,v1.8.STEP,ge-jet-engine-bracket-v2-3,pwanst,pwanst-1,TRUE,FALSE,FALSE
535,20914,41860,211247.9837,56908.64569,1.76136328,9,773.3437,467.7578,507.7751,336.8348,block,218977,0.944278487,GE_JET_ENGINE_BRACKET-001.IGS,ge-jet-engine-bracket-challenge-24,Winroth LLC,winroth.llc-1,FALSE,FALSE,FALSE
536,24596,49228,93580.28151,33551.81186,1.163217402,10,1427.534,978.2043,550.0212,342.8101,beam,266278,0.418303858,GE Final AmTech.stp,ge-engine-turtle-legs-1,Paolo Minetola,paolo.minetola-1,FALSE,FALSE,TRUE
537,19589,39198,309276.406,53065.9215,1.742144718,6,604.9891,334.6461,301.5991,311.9832,block,238354,1.382465535,Jet Engine_edit01.SLDPRT,bracket-17,A0I0A,a0i0a-1,FALSE,TRUE,FALSE
538,19835,39690,309271.4823,53066.32984,1.731743039,6,567.2155,321.0788,293.8694,307.8444,block,241932,1.382443526,Jet Engine_edit01_step.STEP,bracket-17,A0I0A,a0i0a-1,FALSE,TRUE,FALSE
545,120174,240356,89957.88835,92270.67763,0.881237793,3,1119.217,776.8403,868.3681,450.4282,block,987260,0.402111761,Grantz- GE Bracket Concept2k.STEP,ge-design-competition-jet-engine-bracket-1,Alan Grantz,alan.grantz-1,FALSE,FALSE,FALSE
546,17482,34992,143447.6811,49011.84795,1.786687271,8,627.6934,653.4083,615.1506,332.7238,block,161947,0.641211135,GE Bracket.IGS,ge-jet-engine-bracket-47,Ian,ian-58,FALSE,FALSE,TRUE
547,69820,139736,83194.79033,68905.1292,1.012058407,25,974.2704,790.8665,1139.77,449.3513,block,634723,0.371880713,GE_Grand1.stp,ge-bracket-version-grand-1-1,Jerry Grandov,jerry.grandov,FALSE,FALSE,FALSE
548,69357,138762,56478.01467,52019.40324,0.877010496,13,1275.128,1589.44,1261.499,723.1806,flat,640725,0.252456726,GE_Grand2.stp,ge-bracket-grand-2-1,Jerry Grandov,jerry.grandov,FALSE,TRUE,FALSE
549,47811,95690,116535.2506,68380.54837,1.237636456,18,881.8689,1057.257,711.9081,348.3947,block,451255,0.52091257,GE_Grand3.stp,ge-bracket-grand-3-1,Jerry Grandov,jerry.grandov,FALSE,TRUE,FALSE
550,110599,221414,133322.7921,63768.85211,0.776323843,55,1079.417,1055.092,826.5703,349.3951,block,1223955,0.595952881,GE_Grand4.stp,ge-bracket-grand-4-1,Jerry Grandov,jerry.grandov,FALSE,TRUE,FALSE
551,35537,71142,57152.42154,49573.89579,1.21651858,18,1185.335,1581.605,964.5436,622.7632,flat,304145,0.255471324,GE_Grand6.stp,ge-bracket-grand-6-1,Jerry Grandov,jerry.grandov,FALSE,FALSE,FALSE
552,39295,78626,105805.0529,56031.55992,1.198817589,10,1441.708,934.0028,838.7567,329.5627,block,402295,0.472948586,GE_Grand7.stp,ge-bracket-grand-7-1,Jerry Grandov,jerry.grandov,FALSE,FALSE,FALSE
553,24980,49988,189873.5019,34568.02011,1.177453234,8,731.3763,510.8402,502.1217,546.7879,flat,318529,0.848734553,GE_Grand8.stp,ge-bracket-grand-8-1,Jerry Grandov,jerry.grandov,TRUE,FALSE,FALSE
554,60202,120656,65684.12842,72430.09735,1.142483772,64,1151.005,1464.712,1021.314,556.9026,flat,464108,0.293608054,GE_Grand9.stp,ge-bracket-grand-9-1,Jerry Grandov,jerry.grandov,FALSE,FALSE,FALSE
556,46224,92612,90854.30462,46127.60634,1.017341466,42,1081.008,866.9935,561.3707,1130.326,beam,528928,0.406118742,Handy90IGSultralight.IGS,spacehugger-1,Nic,nic,FALSE,FALSE,FALSE
559,28248,56528,146640.6936,38012.72173,1.201476049,9,955.567,583.5518,907.8229,413.5427,flat,348039,0.6554839,Bracket_v58.STEP,holebracket-1,Hector Ulises Levatti,hector.ulises.levatti-1,TRUE,FALSE,FALSE
560,43944,88320,156849.4076,59305.95013,1.210236368,109,742.4075,533.4582,624.4615,427.2609,flat,532566,0.701116852,Bracket_v63f.STEP,strainerbracket-1,Hector Ulises Levatti,hector.ulises.levatti-1,TRUE,FALSE,FALSE
561,53593,107214,100778.471,52757.505,0.993253996,8,965.2003,637.4664,452.4696,375.8026,beam,622613,0.450479765,ge-model-24-v3-FEM.stp,barbabracket-1,bj,bj-2,FALSE,FALSE,TRUE
562,57382,114792,100731.3827,52686.30656,0.959108782,8,935.6151,630.2556,437.2408,386.2881,beam,665877,0.450269281,ge-model-24-v3.stp,barbabracket-1,bj,bj-2,FALSE,FALSE,FALSE
564,17436,34892,174156.6158,50981.18151,1.814761059,6,1015.744,684.6626,419.0076,351.4999,flat,165118,0.778480072,bracket_unwelded.STEP,welded-ge-jet-engine-bracket-1,BuseHase,busehase-1,FALSE,FALSE,FALSE
565,17093,34206,181323.7221,49033.80819,1.79775965,6,1035.812,731.777,416.3334,340.6578,flat,168910,0.810517038,bracket_welded.STEP,welded-ge-jet-engine-bracket-1,BuseHase,busehase-1,TRUE,FALSE,FALSE
566,71162,142344,77102.095,77897.01063,1.045396764,6,680.0916,685.9179,510.4908,865.3824,block,645498,0.344646365,GE Jet Engine Bracket Version 1.2 By M.STEP,m-kurniawan-ge-jet-engine-bracket-version-1-2-1,M Arie Kurniawan,m.arie.kurniawan-1,FALSE,FALSE,TRUE
569,40789,81618,113913.2541,41117.4503,1.020936607,11,1877.546,1290.693,1183.077,735.4132,arch,473641,0.509192246,Engine_bracket_Final.stp,ge-jet-engine-bracket-challenge-26,Ilioni Alin,ilioni.alin,FALSE,TRUE,FALSE
570,23623,47282,204115.9432,52653.60195,1.540016738,10,1243.536,799.386,519.6784,523.7786,flat,296359,0.912398266,engine bracket.IGS,engine-bracket-8,aditya,aditya-9,FALSE,FALSE,FALSE
571,17609,35238,112087.0805,31548.09184,1.367614505,6,1602.331,1121.614,760.418,420.8361,butterfly,183576,0.50102925,v1.8.STEP,ge-jet-engine-bracket-final-1,pwanst,pwanst-1,FALSE,FALSE,FALSE
572,39162,78856,155313.713,64784.52748,1.335514223,134,774.3196,533.6689,626.6242,424.3459,arch,442662,0.694252297,Bracket_v64.STEP,strainerbracket2-1,Hector Ulises Levatti,hector.ulises.levatti-1,FALSE,TRUE,FALSE
575,44514,89048,212067.5901,43784.35012,0.973912004,6,711.7321,369.8295,476.0066,331.6616,flat,595731,0.947942128,design.stp,ge-challenge-2,Gustavo Vieira,gustavo.vieira-14,FALSE,TRUE,FALSE
576,11892,23832,78308.56397,29350.84433,1.674829818,13,1705.738,1089.728,1547.085,786.1161,arch,111484,0.350039281,GEEB ES 5.stp,lines-ge-bracket-1,Eric,eric-124,FALSE,FALSE,FALSE
580,32438,65024,111254.4168,50488.17626,1.240801305,38,1676.969,1371.985,982.0971,776.1127,flat,357790,0.497307243,jet_engine_bracket_challenge_v1.stp,ge-jet-engine-bracket-challenge-v1-1,Ryan Pulkrabek,ryan.pulkrabek-1,FALSE,FALSE,FALSE
586,21655,43358,111292.1652,41223.56112,1.42657644,13,1444.635,1102.825,598.3408,671.9543,butterfly,238587,0.497475978,Bracket AM#2.STEP,bracket-am-2-1,Patrikurn,patrikurn-1,FALSE,FALSE,FALSE
587,35247,70530,117113.4293,50811.15925,1.186912056,10,4792.189,2517.868,2346.452,829.588,other,413708,0.523497029,ILikePlanes.STEP,ge-jet-engine-bracket-49,Chester Lee Coloma,chester.lee.coloma-1,FALSE,FALSE,FALSE
589,28644,57308,104195.98,32102.08159,1.055797837,6,819.1927,718.6181,693.248,483.5576,flat,355359,0.46575603,PART FOR MESH.stp,naild-1,richard kilshaw,richard.kilshaw-1,FALSE,TRUE,FALSE
590,63778,127592,90287.11709,42823.25802,0.830948253,10,2208.774,1485.773,900.3615,725.5113,flat,819895,0.403583413,GE_bracket_fin.stp,ge-jet-engine-bracket-final-optimization-1,Florin Traila,florin.traila-1,FALSE,FALSE,TRUE
592,80124,160244,172883.8703,106876.3984,1.160040277,0,620.1914,436.1768,569.9152,325.8034,block,914929,0.7727909,GE_Challenge.stp,brackrt-challenge-1,Mike raymond,mike.raymond-1,FALSE,TRUE,FALSE
595,46823,94158,120026.0346,69156.29928,1.247854166,129,1011.664,814.4816,679.1258,424.7381,arch,460319,0.536516375,newge_final.SLDPRT,dart-lab-at-state-university-of-new-york-buffalo-1,Sulabh,sulabh-2,FALSE,TRUE,FALSE
596,40528,81076,185316.0632,45969.41465,1.048046668,6,613.5195,651.1423,319.1263,343.4775,flat,582988,0.828362802,generalelectric.STEP,ge-electric-bracket-1,Yashom Bhandarkar,yashom.bhandarkar-2,TRUE,FALSE,FALSE
597,28644,57308,104195.98,32102.08159,1.055797837,6,818.99,766.0639,700.6587,479.832,arch,358166,0.46575603,PART FOR MESH.stp,naild-2,richard kilshaw,richard.kilshaw-1,FALSE,FALSE,FALSE
598,25275,50682,102636.9826,47393.7848,1.389357427,34,1770.178,1110.679,959.0128,1000.182,flat,261808,0.458787312,jet_engine_bracket_challenge_v3.stp,ge-jet-engine-bracket-challenge-v3-2,Ryan Pulkrabek,ryan.pulkrabek-1,FALSE,FALSE,TRUE
600,54040,108240,69252.05165,35874.70082,0.825816644,41,3708.264,3877.584,1657.383,1593.747,beam,590536,0.309556671,GE bracket Try 6.STEP,2013-ge-jet-bracket-1,Amir Milak,amir.milak-1,FALSE,TRUE,FALSE
601,20070,40160,257533.3683,48499.03518,1.638967154,6,559.7143,373.3481,256.1224,421.3087,flat,280020,1.151174156,new1.SLDPRT,jet-engine-bracket-18,Surajmal,surajmal-1,FALSE,FALSE,TRUE
605,22483,44986,118520.2301,30378.82264,1.181724094,6,3261.805,2072.205,1682.095,528.5266,butterfly,280549,0.529785428,Form 2.STEP,form-2-1,Wei Jiang,wei.jiang-1,FALSE,FALSE,FALSE
606,15346,30716,115077.6017,44908.19318,1.83026375,7,1426.917,1040.973,602.0802,512.2781,flat,136748,0.51439688,BRACKET-V2R-6.STEP,bracket-v2r-1,vitor,vitor,TRUE,FALSE,FALSE
610,44103,88530,102235.3617,69113.41657,1.290592361,82,833.7382,654.8217,602.4101,479.1571,block,391072,0.456992067,GE JET BRACKET V_4.1.STEP,ge-jet-bracket-v-4-1-1,Arfi'an,arfi.an-1,FALSE,FALSE,TRUE
611,78941,157902,83919.90737,47818.04662,0.792949681,6,4879.579,5165.624,2372.41,1766.12,beam,940110,0.375121986,Redesigned GE engine bracket XV-04.STEP,ge-jet-engine-bracket-xv-04-1,Tan Wei Kok,tan.wei.kok-1,FALSE,FALSE,FALSE
614,19882,39804,197669.3716,54353.11807,1.758661357,11,352.9765,328.6662,419.6461,510.9911,flat,206583,0.883582091,JET ENGINE.SLDPRT,atc3d-1,loic,loic-8,TRUE,FALSE,FALSE
615,36872,73900,124996.0142,63877.80407,1.334990257,40,2130.139,782.7192,2130.581,821.8832,block,326828,0.558732183,original 19713 060813 thirty eight.IGS,ge-bracket-25,Amartesh Sehgal,amartesh.sehgal-1,FALSE,FALSE,FALSE
616,21113,42246,305617.7023,51418.94988,1.616380325,6,734.2139,494.504,611.7841,683.7119,flat,262703,1.366111129,GE_Engine_Brkt.igs,jet-engine-bracket-19,Harrell Holloway,harrell.holloway-1,FALSE,FALSE,TRUE
623,15686,31404,46968.70846,22369.75413,1.214637614,9,2363.727,2279.318,735.9659,1238.208,beam,192630,0.209950127,GE-V3a-STEP.stp,ge-bracket-competition-1,Renier Janse van Vuuren,renier.janse.van.vuuren-1,FALSE,FALSE,FALSE
624,29214,58448,182383.3588,41160.89545,1.2002814,6,717.8787,431.5513,362.3806,414.5222,flat,374563,0.815253614,RobertMelvin_GEBracket.igs,ge-jet-engine-bracket-competition-entry-with-honeycomb-void-core-1,Robert Melvin,robert.melvin,TRUE,FALSE,FALSE
625,79049,158150,79880.48114,45150.28677,0.774972025,14,5277.97,4951.644,2699.73,1870.083,beam,938196,0.357065751,Redesigned GE engine bracket XV-05.STEP,ge-jet-engine-bracket-xv-05-1,Tan Wei Kok,tan.wei.kok-1,FALSE,FALSE,FALSE
626,18969,37978,168419.1203,44882.78999,1.590329911,11,1302.465,977.38,576.2344,381.4059,flat,208540,0.752833468,GE Challengephase1.iges,gejetp1-1,Fernando Martinez,fernando.martinez-5,FALSE,FALSE,FALSE
628,32423,64902,91316.46863,31678.72619,1.012580132,15,1797.12,1310.37,627.2844,617.8683,arch,454608,0.408184615,Form 4+.STEP,form-4-2,Wei Jiang,wei.jiang-1,FALSE,FALSE,FALSE
630,24320,48660,95345.57745,30949.63446,1.149135665,6,1107.283,1038.069,527.0447,649.7908,beam,283004,0.426194731,bracket_14.igs,ge-engine-bracket-10-1,Mandli Peter,mandli.peter,FALSE,TRUE,FALSE
631,9065,18150,64257.29548,25353.55941,1.775889208,6,1993.522,1329.03,810.1162,1108.935,beam,82414,0.287230111,V8.SLDPRT,engine-mount-1,ashish,ashish--6,FALSE,FALSE,FALSE
633,39735,79630,115174.4091,58271.11972,1.222449967,41,4958.874,2147.667,4185.6,1571.813,block,378748,0.514829609,10813 GE bracket.IGS,ge-bracket-27,Amartesh Sehgal,amartesh.sehgal-1,FALSE,FALSE,FALSE
634,42405,84854,307640.7337,73622.06918,1.346662777,12,636.5765,412.1355,307.6467,313.7518,block,565751,1.37515408,FINAL BRACKET AARON WEISSBART 8.9.2013 1930 pacific time.stp,ge-jet-engine-bracket-challenge-8,Aaron Weissbart,aaron.weissbart,FALSE,FALSE,FALSE
